dimension,num_prod,run,iters_to_NE,NE,converged
5,10,0,1,[2. 2. 2. 2. 2.],True
5,10,1,5,[2. 2. 2. 2. 2.],True
5,10,2,1,[2. 2. 2. 2. 2.],True
5,10,3,5,[2. 2. 2. 2. 2.],True
5,10,4,3,[2. 2. 2. 2. 2.],True
5,10,5,5,[2. 2. 2. 2. 2.],True
5,10,6,3,[2. 2. 2. 2. 2.],True
5,10,7,2,[2. 2. 2. 2. 2.],True
5,10,8,2,[2. 2. 2. 2. 2.],True
5,10,9,1,[2. 2. 2. 2. 2.],True
5,10,10,2,[2. 2. 2. 2. 2.],True
5,10,11,5,[2. 2. 2. 2. 2.],True
5,10,12,3,[2. 2. 2. 2. 2.],True
5,10,13,3,[2. 2. 2. 2. 2.],True
5,10,14,3,[2. 2. 2. 2. 2.],True
5,10,15,5,[2. 2. 2. 2. 2.],True
5,10,16,3,[2. 2. 2. 2. 2.],True
5,10,17,3,[2. 2. 2. 2. 2.],True
5,10,18,5,[2. 2. 2. 2. 2.],True
5,10,19,4,[2. 2. 2. 2. 2.],True
5,10,20,3,[2. 2. 2. 2. 2.],True
5,10,21,4,[2. 2. 2. 2. 2.],True
5,10,22,4,[2. 2. 2. 2. 2.],True
5,10,23,1,[2. 2. 2. 2. 2.],True
5,10,24,3,[2. 2. 2. 2. 2.],True
5,10,25,3,[2. 2. 2. 2. 2.],True
5,10,26,3,[2. 2. 2. 2. 2.],True
5,10,27,2,[2. 2. 2. 2. 2.],True
5,10,28,2,[2. 2. 2. 2. 2.],True
5,10,29,4,[2. 2. 2. 2. 2.],True
5,10,30,2,[2. 2. 2. 2. 2.],True
5,10,31,2,[2. 2. 2. 2. 2.],True
5,10,32,4,[2. 2. 2. 2. 2.],True
5,10,33,4,[2. 2. 2. 2. 2.],True
5,10,34,3,[2. 2. 2. 2. 2.],True
5,10,35,1,[2. 2. 2. 2. 2.],True
5,10,36,6,[2. 2. 2. 2. 2.],True
5,10,37,2,[2. 2. 2. 2. 2.],True
5,10,38,3,[2. 2. 2. 2. 2.],True
5,10,39,3,[2. 2. 2. 2. 2.],True
5,20,0,5,[4. 4. 4. 4. 4.],True
5,20,1,4,[4. 4. 4. 4. 4.],True
5,20,2,4,[4. 4. 4. 4. 4.],True
5,20,3,1,[4. 4. 4. 4. 4.],True
5,20,4,1,[4. 4. 4. 4. 4.],True
5,20,5,5,[4. 4. 4. 4. 4.],True
5,20,6,7,[4. 4. 4. 4. 4.],True
5,20,7,3,[4. 4. 4. 4. 4.],True
5,20,8,6,[4. 4. 4. 4. 4.],True
5,20,9,6,[4. 4. 4. 4. 4.],True
5,20,10,4,[4. 4. 4. 4. 4.],True
5,20,11,5,[4. 4. 4. 4. 4.],True
5,20,12,5,[4. 4. 4. 4. 4.],True
5,20,13,6,[4. 4. 4. 4. 4.],True
5,20,14,4,[4. 4. 4. 4. 4.],True
5,20,15,6,[4. 4. 4. 4. 4.],True
5,20,16,2,[4. 4. 4. 4. 4.],True
5,20,17,4,[4. 4. 4. 4. 4.],True
5,20,18,6,[4. 4. 4. 4. 4.],True
5,20,19,5,[4. 4. 4. 4. 4.],True
5,20,20,4,[4. 4. 4. 4. 4.],True
5,20,21,6,[4. 4. 4. 4. 4.],True
5,20,22,3,[4. 4. 4. 4. 4.],True
5,20,23,6,[4. 4. 4. 4. 4.],True
5,20,24,4,[4. 4. 4. 4. 4.],True
5,20,25,3,[4. 4. 4. 4. 4.],True
5,20,26,5,[4. 4. 4. 4. 4.],True
5,20,27,3,[4. 4. 4. 4. 4.],True
5,20,28,6,[4. 4. 4. 4. 4.],True
5,20,29,4,[4. 4. 4. 4. 4.],True
5,20,30,6,[4. 4. 4. 4. 4.],True
5,20,31,5,[4. 4. 4. 4. 4.],True
5,20,32,6,[4. 4. 4. 4. 4.],True
5,20,33,3,[4. 4. 4. 4. 4.],True
5,20,34,3,[4. 4. 4. 4. 4.],True
5,20,35,2,[4. 4. 4. 4. 4.],True
5,20,36,6,[4. 4. 4. 4. 4.],True
5,20,37,8,[4. 4. 4. 4. 4.],True
5,20,38,6,[4. 4. 4. 4. 4.],True
5,20,39,5,[4. 4. 4. 4. 4.],True
5,30,0,5,[5. 6. 6. 6. 7.],True
5,30,1,8,[5. 6. 6. 6. 7.],True
5,30,2,4,[5. 6. 6. 6. 7.],True
5,30,3,6,[5. 6. 6. 6. 7.],True
5,30,4,5,[5. 6. 6. 6. 7.],True
5,30,5,4,[5. 6. 6. 6. 7.],True
5,30,6,5,[5. 6. 6. 6. 7.],True
5,30,7,7,[5. 6. 6. 6. 7.],True
5,30,8,6,[5. 6. 6. 6. 7.],True
5,30,9,4,[5. 6. 6. 6. 7.],True
5,30,10,3,[5. 6. 6. 6. 7.],True
5,30,11,6,[5. 6. 6. 6. 7.],True
5,30,12,9,[5. 6. 6. 6. 7.],True
5,30,13,4,[5. 6. 6. 6. 7.],True
5,30,14,6,[5. 6. 6. 6. 7.],True
5,30,15,7,[5. 6. 6. 6. 7.],True
5,30,16,5,[5. 6. 6. 6. 7.],True
5,30,17,3,[5. 6. 6. 6. 7.],True
5,30,18,9,[5. 6. 6. 6. 7.],True
5,30,19,8,[5. 6. 6. 6. 7.],True
5,30,20,6,[5. 6. 6. 6. 7.],True
5,30,21,6,[5. 6. 6. 6. 7.],True
5,30,22,5,[5. 6. 6. 6. 7.],True
5,30,23,4,[5. 6. 6. 6. 7.],True
5,30,24,10,[5. 6. 6. 6. 7.],True
5,30,25,7,[5. 6. 6. 6. 7.],True
5,30,26,10,[5. 6. 6. 6. 7.],True
5,30,27,6,[5. 6. 6. 6. 7.],True
5,30,28,4,[5. 6. 6. 6. 7.],True
5,30,29,5,[5. 6. 6. 6. 7.],True
5,30,30,7,[5. 6. 6. 6. 7.],True
5,30,31,2,[5. 6. 6. 6. 7.],True
5,30,32,8,[5. 6. 6. 6. 7.],True
5,30,33,5,[5. 6. 6. 6. 7.],True
5,30,34,5,[5. 6. 6. 6. 7.],True
5,30,35,4,[5. 6. 6. 6. 7.],True
5,30,36,6,[5. 6. 6. 6. 7.],True
5,30,37,4,[5. 6. 6. 6. 7.],True
5,30,38,4,[5. 6. 6. 6. 7.],True
5,30,39,5,[5. 6. 6. 6. 7.],True
5,40,0,3,[7. 8. 8. 8. 9.],True
5,40,1,7,[7. 8. 8. 8. 9.],True
5,40,2,5,[7. 8. 8. 8. 9.],True
5,40,3,3,[7. 8. 8. 8. 9.],True
5,40,4,5,[7. 8. 8. 8. 9.],True
5,40,5,9,[7. 8. 8. 8. 9.],True
5,40,6,9,[7. 8. 8. 8. 9.],True
5,40,7,4,[7. 8. 8. 8. 9.],True
5,40,8,4,[7. 8. 8. 8. 9.],True
5,40,9,3,[7. 8. 8. 8. 9.],True
5,40,10,6,[7. 8. 8. 8. 9.],True
5,40,11,7,[7. 8. 8. 8. 9.],True
5,40,12,5,[7. 8. 8. 8. 9.],True
5,40,13,8,[7. 8. 8. 8. 9.],True
5,40,14,5,[7. 8. 8. 8. 9.],True
5,40,15,3,[7. 8. 8. 8. 9.],True
5,40,16,3,[7. 8. 8. 8. 9.],True
5,40,17,7,[7. 8. 8. 8. 9.],True
5,40,18,5,[7. 8. 8. 8. 9.],True
5,40,19,6,[7. 8. 8. 8. 9.],True
5,40,20,2,[7. 8. 8. 8. 9.],True
5,40,21,6,[7. 8. 8. 8. 9.],True
5,40,22,9,[7. 8. 8. 8. 9.],True
5,40,23,4,[7. 8. 8. 8. 9.],True
5,40,24,4,[7. 8. 8. 8. 9.],True
5,40,25,4,[7. 8. 8. 8. 9.],True
5,40,26,5,[7. 8. 8. 8. 9.],True
5,40,27,2,[7. 8. 8. 8. 9.],True
5,40,28,9,[7. 8. 8. 8. 9.],True
5,40,29,5,[7. 8. 8. 8. 9.],True
5,40,30,6,[7. 8. 8. 8. 9.],True
5,40,31,6,[7. 8. 8. 8. 9.],True
5,40,32,9,[7. 8. 8. 8. 9.],True
5,40,33,4,[7. 8. 8. 8. 9.],True
5,40,34,6,[7. 8. 8. 8. 9.],True
5,40,35,5,[7. 8. 8. 8. 9.],True
5,40,36,8,[7. 8. 8. 8. 9.],True
5,40,37,4,[7. 8. 8. 8. 9.],True
5,40,38,8,[7. 8. 8. 8. 9.],True
5,40,39,9,[7. 8. 8. 8. 9.],True
5,50,0,3,[ 9. 10. 10. 10. 11.],True
5,50,1,7,[ 9. 10. 10. 10. 11.],True
5,50,2,5,[ 9. 10. 10. 10. 11.],True
5,50,3,6,[ 9. 10. 10. 10. 11.],True
5,50,4,5,[ 9. 10. 10. 10. 11.],True
5,50,5,7,[ 9. 10. 10. 10. 11.],True
5,50,6,15,[ 9. 10. 10. 10. 11.],True
5,50,7,4,[ 9. 10. 10. 10. 11.],True
5,50,8,3,[ 9. 10. 10. 10. 11.],True
5,50,9,8,[ 9. 10. 10. 10. 11.],True
5,50,10,10,[ 9. 10. 10. 10. 11.],True
5,50,11,7,[ 9. 10. 10. 10. 11.],True
5,50,12,6,[ 9. 10. 10. 10. 11.],True
5,50,13,4,[ 9. 10. 10. 10. 11.],True
5,50,14,5,[ 9. 10. 10. 10. 11.],True
5,50,15,5,[ 9. 10. 10. 10. 11.],True
5,50,16,12,[ 9. 10. 10. 10. 11.],True
5,50,17,3,[ 9. 10. 10. 10. 11.],True
5,50,18,3,[ 9. 10. 10. 10. 11.],True
5,50,19,11,[ 9. 10. 10. 10. 11.],True
5,50,20,5,[ 9. 10. 10. 10. 11.],True
5,50,21,6,[ 9. 10. 10. 10. 11.],True
5,50,22,3,[ 9. 10. 10. 10. 11.],True
5,50,23,6,[ 9. 10. 10. 10. 11.],True
5,50,24,8,[ 9. 10. 10. 10. 11.],True
5,50,25,9,[ 9. 10. 10. 10. 11.],True
5,50,26,12,[ 9. 10. 10. 10. 11.],True
5,50,27,6,[ 9. 10. 10. 10. 11.],True
5,50,28,9,[ 9. 10. 10. 10. 11.],True
5,50,29,8,[ 9. 10. 10. 10. 11.],True
5,50,30,7,[ 9. 10. 10. 10. 11.],True
5,50,31,6,[ 9. 10. 10. 10. 11.],True
5,50,32,7,[ 9. 10. 10. 10. 11.],True
5,50,33,8,[ 9. 10. 10. 10. 11.],True
5,50,34,5,[ 9. 10. 10. 10. 11.],True
5,50,35,2,[ 9. 10. 10. 10. 11.],True
5,50,36,9,[ 9. 10. 10. 10. 11.],True
5,50,37,12,[ 9. 10. 10. 10. 11.],True
5,50,38,6,[ 9. 10. 10. 10. 11.],True
5,50,39,12,[ 9. 10. 10. 10. 11.],True
5,60,0,7,[11. 12. 12. 12. 13.],True
5,60,1,10,[11. 12. 12. 12. 13.],True
5,60,2,7,[11. 12. 12. 12. 13.],True
5,60,3,5,[11. 12. 12. 12. 13.],True
5,60,4,12,[11. 12. 12. 12. 13.],True
5,60,5,9,[11. 12. 12. 12. 13.],True
5,60,6,11,[11. 12. 12. 12. 13.],True
5,60,7,10,[11. 12. 12. 12. 13.],True
5,60,8,7,[11. 12. 12. 12. 13.],True
5,60,9,5,[11. 12. 12. 12. 13.],True
5,60,10,6,[11. 12. 12. 12. 13.],True
5,60,11,5,[11. 12. 12. 12. 13.],True
5,60,12,9,[11. 12. 12. 12. 13.],True
5,60,13,11,[11. 12. 12. 12. 13.],True
5,60,14,7,[11. 12. 12. 12. 13.],True
5,60,15,7,[11. 12. 12. 12. 13.],True
5,60,16,8,[11. 12. 12. 12. 13.],True
5,60,17,11,[11. 12. 12. 12. 13.],True
5,60,18,10,[11. 12. 12. 12. 13.],True
5,60,19,5,[11. 12. 12. 12. 13.],True
5,60,20,9,[11. 12. 12. 12. 13.],True
5,60,21,5,[11. 12. 12. 12. 13.],True
5,60,22,10,[11. 12. 12. 12. 13.],True
5,60,23,4,[11. 12. 12. 12. 13.],True
5,60,24,6,[11. 12. 12. 12. 13.],True
5,60,25,12,[11. 12. 12. 12. 13.],True
5,60,26,11,[11. 12. 12. 12. 13.],True
5,60,27,8,[11. 12. 12. 12. 13.],True
5,60,28,8,[11. 12. 12. 12. 13.],True
5,60,29,12,[11. 12. 12. 12. 13.],True
5,60,30,4,[11. 12. 12. 12. 13.],True
5,60,31,10,[11. 12. 12. 12. 13.],True
5,60,32,5,[11. 12. 12. 12. 13.],True
5,60,33,6,[11. 12. 12. 12. 13.],True
5,60,34,8,[11. 12. 12. 12. 13.],True
5,60,35,10,[11. 12. 12. 12. 13.],True
5,60,36,4,[11. 12. 12. 12. 13.],True
5,60,37,6,[11. 12. 12. 12. 13.],True
5,60,38,8,[11. 12. 12. 12. 13.],True
5,60,39,5,[11. 12. 12. 12. 13.],True
5,70,0,4,[13. 14. 13. 14. 16.],True
5,70,1,7,[13. 14. 13. 14. 16.],True
5,70,2,10,[13. 14. 13. 14. 16.],True
5,70,3,6,[13. 14. 13. 14. 16.],True
5,70,4,4,[13. 14. 13. 14. 16.],True
5,70,5,6,[13. 14. 13. 14. 16.],True
5,70,6,6,[13. 14. 13. 14. 16.],True
5,70,7,4,[13. 14. 13. 14. 16.],True
5,70,8,12,[13. 14. 13. 14. 16.],True
5,70,9,13,[13. 14. 13. 14. 16.],True
5,70,10,9,[13. 14. 13. 14. 16.],True
5,70,11,2,[13. 14. 13. 14. 16.],True
5,70,12,5,[13. 14. 13. 14. 16.],True
5,70,13,9,[13. 14. 13. 14. 16.],True
5,70,14,7,[13. 14. 13. 14. 16.],True
5,70,15,7,[13. 14. 13. 14. 16.],True
5,70,16,9,[13. 14. 13. 14. 16.],True
5,70,17,10,[13. 14. 13. 14. 16.],True
5,70,18,7,[13. 14. 13. 14. 16.],True
5,70,19,4,[13. 14. 13. 14. 16.],True
5,70,20,8,[13. 14. 13. 14. 16.],True
5,70,21,6,[13. 14. 13. 14. 16.],True
5,70,22,11,[13. 14. 13. 14. 16.],True
5,70,23,5,[13. 14. 13. 14. 16.],True
5,70,24,9,[13. 14. 13. 14. 16.],True
5,70,25,10,[13. 14. 13. 14. 16.],True
5,70,26,7,[13. 14. 13. 14. 16.],True
5,70,27,12,[13. 14. 13. 14. 16.],True
5,70,28,12,[13. 14. 13. 14. 16.],True
5,70,29,10,[13. 14. 13. 14. 16.],True
5,70,30,10,[13. 14. 13. 14. 16.],True
5,70,31,12,[13. 14. 13. 14. 16.],True
5,70,32,5,[13. 14. 13. 14. 16.],True
5,70,33,6,[13. 14. 13. 14. 16.],True
5,70,34,6,[13. 14. 13. 14. 16.],True
5,70,35,7,[13. 14. 13. 14. 16.],True
5,70,36,8,[13. 14. 13. 14. 16.],True
5,70,37,5,[13. 14. 13. 14. 16.],True
5,70,38,11,[13. 14. 13. 14. 16.],True
5,70,39,10,[13. 14. 13. 14. 16.],True
5,80,0,10,[15. 16. 15. 16. 18.],True
5,80,1,7,[15. 16. 15. 16. 18.],True
5,80,2,9,[15. 16. 15. 16. 18.],True
5,80,3,9,[15. 16. 15. 16. 18.],True
5,80,4,13,[15. 16. 15. 16. 18.],True
5,80,5,2,[15. 16. 15. 16. 18.],True
5,80,6,11,[15. 16. 15. 16. 18.],True
5,80,7,15,[15. 16. 15. 16. 18.],True
5,80,8,5,[15. 16. 15. 16. 18.],True
5,80,9,9,[15. 16. 15. 16. 18.],True
5,80,10,14,[15. 16. 15. 16. 18.],True
5,80,11,9,[15. 16. 15. 16. 18.],True
5,80,12,10,[15. 16. 15. 16. 18.],True
5,80,13,12,[15. 16. 15. 16. 18.],True
5,80,14,9,[15. 16. 15. 16. 18.],True
5,80,15,15,[15. 16. 15. 16. 18.],True
5,80,16,8,[15. 16. 15. 16. 18.],True
5,80,17,10,[15. 16. 15. 16. 18.],True
5,80,18,17,[15. 16. 15. 16. 18.],True
5,80,19,3,[15. 16. 15. 16. 18.],True
5,80,20,11,[15. 16. 15. 16. 18.],True
5,80,21,14,[15. 16. 15. 16. 18.],True
5,80,22,8,[15. 16. 15. 16. 18.],True
5,80,23,6,[15. 16. 15. 16. 18.],True
5,80,24,7,[15. 16. 15. 16. 18.],True
5,80,25,10,[15. 16. 15. 16. 18.],True
5,80,26,9,[15. 16. 15. 16. 18.],True
5,80,27,3,[15. 16. 15. 16. 18.],True
5,80,28,7,[15. 16. 15. 16. 18.],True
5,80,29,9,[15. 16. 15. 16. 18.],True
5,80,30,12,[15. 16. 15. 16. 18.],True
5,80,31,8,[15. 16. 15. 16. 18.],True
5,80,32,6,[15. 16. 15. 16. 18.],True
5,80,33,8,[15. 16. 15. 16. 18.],True
5,80,34,8,[15. 16. 15. 16. 18.],True
5,80,35,10,[15. 16. 15. 16. 18.],True
5,80,36,12,[15. 16. 15. 16. 18.],True
5,80,37,9,[15. 16. 15. 16. 18.],True
5,80,38,10,[15. 16. 15. 16. 18.],True
5,80,39,9,[15. 16. 15. 16. 18.],True
5,90,0,12,[17. 18. 17. 18. 20.],True
5,90,1,18,[17. 18. 17. 18. 20.],True
5,90,2,9,[17. 18. 17. 18. 20.],True
5,90,3,5,[17. 18. 17. 18. 20.],True
5,90,4,8,[17. 18. 17. 18. 20.],True
5,90,5,9,[17. 18. 17. 18. 20.],True
5,90,6,10,[17. 18. 17. 18. 20.],True
5,90,7,13,[17. 18. 17. 18. 20.],True
5,90,8,6,[17. 18. 17. 18. 20.],True
5,90,9,7,[17. 18. 17. 18. 20.],True
5,90,10,6,[17. 18. 17. 18. 20.],True
5,90,11,13,[17. 18. 17. 18. 20.],True
5,90,12,6,[17. 18. 17. 18. 20.],True
5,90,13,14,[17. 18. 17. 18. 20.],True
5,90,14,11,[17. 18. 17. 18. 20.],True
5,90,15,5,[17. 18. 17. 18. 20.],True
5,90,16,10,[17. 18. 17. 18. 20.],True
5,90,17,16,[17. 18. 17. 18. 20.],True
5,90,18,4,[17. 18. 17. 18. 20.],True
5,90,19,10,[17. 18. 17. 18. 20.],True
5,90,20,12,[17. 18. 17. 18. 20.],True
5,90,21,4,[17. 18. 17. 18. 20.],True
5,90,22,7,[17. 18. 17. 18. 20.],True
5,90,23,8,[17. 18. 17. 18. 20.],True
5,90,24,9,[17. 18. 17. 18. 20.],True
5,90,25,9,[17. 18. 17. 18. 20.],True
5,90,26,15,[17. 18. 17. 18. 20.],True
5,90,27,10,[17. 18. 17. 18. 20.],True
5,90,28,16,[17. 18. 17. 18. 20.],True
5,90,29,6,[17. 18. 17. 18. 20.],True
5,90,30,14,[17. 18. 17. 18. 20.],True
5,90,31,9,[17. 18. 17. 18. 20.],True
5,90,32,11,[17. 18. 17. 18. 20.],True
5,90,33,8,[17. 18. 17. 18. 20.],True
5,90,34,6,[17. 18. 17. 18. 20.],True
5,90,35,6,[17. 18. 17. 18. 20.],True
5,90,36,11,[17. 18. 17. 18. 20.],True
5,90,37,15,[17. 18. 17. 18. 20.],True
5,90,38,10,[17. 18. 17. 18. 20.],True
5,90,39,10,[17. 18. 17. 18. 20.],True
5,100,0,7,[19. 20. 19. 20. 22.],True
5,100,1,9,[19. 20. 19. 20. 22.],True
5,100,2,18,[19. 20. 19. 20. 22.],True
5,100,3,13,[19. 20. 19. 20. 22.],True
5,100,4,7,[19. 20. 19. 20. 22.],True
5,100,5,14,[19. 20. 19. 20. 22.],True
5,100,6,12,[19. 20. 19. 20. 22.],True
5,100,7,6,[19. 20. 19. 20. 22.],True
5,100,8,11,[19. 20. 19. 20. 22.],True
5,100,9,7,[19. 20. 19. 20. 22.],True
5,100,10,18,[19. 20. 19. 20. 22.],True
5,100,11,7,[19. 20. 19. 20. 22.],True
5,100,12,23,[19. 20. 19. 20. 22.],True
5,100,13,11,[19. 20. 19. 20. 22.],True
5,100,14,16,[19. 20. 19. 20. 22.],True
5,100,15,11,[19. 20. 19. 20. 22.],True
5,100,16,6,[19. 20. 19. 20. 22.],True
5,100,17,17,[19. 20. 19. 20. 22.],True
5,100,18,13,[19. 20. 19. 20. 22.],True
5,100,19,10,[19. 20. 19. 20. 22.],True
5,100,20,12,[19. 20. 19. 20. 22.],True
5,100,21,10,[19. 20. 19. 20. 22.],True
5,100,22,9,[19. 20. 19. 20. 22.],True
5,100,23,12,[19. 20. 19. 20. 22.],True
5,100,24,13,[19. 20. 19. 20. 22.],True
5,100,25,2,[19. 20. 19. 20. 22.],True
5,100,26,13,[19. 20. 19. 20. 22.],True
5,100,27,7,[19. 20. 19. 20. 22.],True
5,100,28,9,[19. 20. 19. 20. 22.],True
5,100,29,7,[19. 20. 19. 20. 22.],True
5,100,30,11,[19. 20. 19. 20. 22.],True
5,100,31,11,[19. 20. 19. 20. 22.],True
5,100,32,5,[19. 20. 19. 20. 22.],True
5,100,33,9,[19. 20. 19. 20. 22.],True
5,100,34,5,[19. 20. 19. 20. 22.],True
5,100,35,17,[19. 20. 19. 20. 22.],True
5,100,36,9,[19. 20. 19. 20. 22.],True
5,100,37,7,[19. 20. 19. 20. 22.],True
5,100,38,6,[19. 20. 19. 20. 22.],True
5,100,39,10,[19. 20. 19. 20. 22.],True
10,10,0,6,[1. 1. 1. 1. 1. 1. 1. 1. 1. 1.],True
10,10,1,4,[1. 1. 1. 1. 1. 1. 1. 1. 1. 1.],True
10,10,2,4,[1. 1. 1. 1. 1. 1. 1. 1. 1. 1.],True
10,10,3,4,[1. 1. 1. 1. 1. 1. 1. 1. 1. 1.],True
10,10,4,4,[1. 1. 1. 1. 1. 1. 1. 1. 1. 1.],True
10,10,5,6,[1. 1. 1. 1. 1. 1. 1. 1. 1. 1.],True
10,10,6,6,[1. 1. 1. 1. 1. 1. 1. 1. 1. 1.],True
10,10,7,4,[1. 1. 1. 1. 1. 1. 1. 1. 1. 1.],True
10,10,8,7,[1. 1. 1. 1. 1. 1. 1. 1. 1. 1.],True
10,10,9,3,[1. 1. 1. 1. 1. 1. 1. 1. 1. 1.],True
10,10,10,4,[1. 1. 1. 1. 1. 1. 1. 1. 1. 1.],True
10,10,11,5,[1. 1. 1. 1. 1. 1. 1. 1. 1. 1.],True
10,10,12,4,[1. 1. 1. 1. 1. 1. 1. 1. 1. 1.],True
10,10,13,4,[1. 1. 1. 1. 1. 1. 1. 1. 1. 1.],True
10,10,14,5,[1. 1. 1. 1. 1. 1. 1. 1. 1. 1.],True
10,10,15,4,[1. 1. 1. 1. 1. 1. 1. 1. 1. 1.],True
10,10,16,7,[1. 1. 1. 1. 1. 1. 1. 1. 1. 1.],True
10,10,17,5,[1. 1. 1. 1. 1. 1. 1. 1. 1. 1.],True
10,10,18,5,[1. 1. 1. 1. 1. 1. 1. 1. 1. 1.],True
10,10,19,3,[1. 1. 1. 1. 1. 1. 1. 1. 1. 1.],True
10,10,20,3,[1. 1. 1. 1. 1. 1. 1. 1. 1. 1.],True
10,10,21,5,[1. 1. 1. 1. 1. 1. 1. 1. 1. 1.],True
10,10,22,6,[1. 1. 1. 1. 1. 1. 1. 1. 1. 1.],True
10,10,23,6,[1. 1. 1. 1. 1. 1. 1. 1. 1. 1.],True
10,10,24,3,[1. 1. 1. 1. 1. 1. 1. 1. 1. 1.],True
10,10,25,7,[1. 1. 1. 1. 1. 1. 1. 1. 1. 1.],True
10,10,26,4,[1. 1. 1. 1. 1. 1. 1. 1. 1. 1.],True
10,10,27,5,[1. 1. 1. 1. 1. 1. 1. 1. 1. 1.],True
10,10,28,2,[1. 1. 1. 1. 1. 1. 1. 1. 1. 1.],True
10,10,29,3,[1. 1. 1. 1. 1. 1. 1. 1. 1. 1.],True
10,10,30,5,[1. 1. 1. 1. 1. 1. 1. 1. 1. 1.],True
10,10,31,5,[1. 1. 1. 1. 1. 1. 1. 1. 1. 1.],True
10,10,32,5,[1. 1. 1. 1. 1. 1. 1. 1. 1. 1.],True
10,10,33,4,[1. 1. 1. 1. 1. 1. 1. 1. 1. 1.],True
10,10,34,5,[1. 1. 1. 1. 1. 1. 1. 1. 1. 1.],True
10,10,35,5,[1. 1. 1. 1. 1. 1. 1. 1. 1. 1.],True
10,10,36,5,[1. 1. 1. 1. 1. 1. 1. 1. 1. 1.],True
10,10,37,4,[1. 1. 1. 1. 1. 1. 1. 1. 1. 1.],True
10,10,38,4,[1. 1. 1. 1. 1. 1. 1. 1. 1. 1.],True
10,10,39,5,[1. 1. 1. 1. 1. 1. 1. 1. 1. 1.],True
10,20,0,10,[2. 2. 2. 2. 2. 2. 2. 2. 2. 2.],True
10,20,1,7,[2. 2. 2. 2. 2. 2. 2. 2. 2. 2.],True
10,20,2,5,[2. 2. 2. 2. 2. 2. 2. 2. 2. 2.],True
10,20,3,5,[2. 2. 2. 2. 2. 2. 2. 2. 2. 2.],True
10,20,4,7,[2. 2. 2. 2. 2. 2. 2. 2. 2. 2.],True
10,20,5,8,[2. 2. 2. 2. 2. 2. 2. 2. 2. 2.],True
10,20,6,4,[2. 2. 2. 2. 2. 2. 2. 2. 2. 2.],True
10,20,7,6,[2. 2. 2. 2. 2. 2. 2. 2. 2. 2.],True
10,20,8,7,[2. 2. 2. 2. 2. 2. 2. 2. 2. 2.],True
10,20,9,5,[2. 2. 2. 2. 2. 2. 2. 2. 2. 2.],True
10,20,10,4,[2. 2. 2. 2. 2. 2. 2. 2. 2. 2.],True
10,20,11,6,[2. 2. 2. 2. 2. 2. 2. 2. 2. 2.],True
10,20,12,5,[2. 2. 2. 2. 2. 2. 2. 2. 2. 2.],True
10,20,13,4,[2. 2. 2. 2. 2. 2. 2. 2. 2. 2.],True
10,20,14,11,[2. 2. 2. 2. 2. 2. 2. 2. 2. 2.],True
10,20,15,6,[2. 2. 2. 2. 2. 2. 2. 2. 2. 2.],True
10,20,16,12,[2. 2. 2. 2. 2. 2. 2. 2. 2. 2.],True
10,20,17,6,[2. 2. 2. 2. 2. 2. 2. 2. 2. 2.],True
10,20,18,3,[2. 2. 2. 2. 2. 2. 2. 2. 2. 2.],True
10,20,19,6,[2. 2. 2. 2. 2. 2. 2. 2. 2. 2.],True
10,20,20,5,[2. 2. 2. 2. 2. 2. 2. 2. 2. 2.],True
10,20,21,10,[2. 2. 2. 2. 2. 2. 2. 2. 2. 2.],True
10,20,22,6,[2. 2. 2. 2. 2. 2. 2. 2. 2. 2.],True
10,20,23,5,[2. 2. 2. 2. 2. 2. 2. 2. 2. 2.],True
10,20,24,10,[2. 2. 2. 2. 2. 2. 2. 2. 2. 2.],True
10,20,25,6,[2. 2. 2. 2. 2. 2. 2. 2. 2. 2.],True
10,20,26,6,[2. 2. 2. 2. 2. 2. 2. 2. 2. 2.],True
10,20,27,7,[2. 2. 2. 2. 2. 2. 2. 2. 2. 2.],True
10,20,28,10,[2. 2. 2. 2. 2. 2. 2. 2. 2. 2.],True
10,20,29,3,[2. 2. 2. 2. 2. 2. 2. 2. 2. 2.],True
10,20,30,6,[2. 2. 2. 2. 2. 2. 2. 2. 2. 2.],True
10,20,31,5,[2. 2. 2. 2. 2. 2. 2. 2. 2. 2.],True
10,20,32,9,[2. 2. 2. 2. 2. 2. 2. 2. 2. 2.],True
10,20,33,8,[2. 2. 2. 2. 2. 2. 2. 2. 2. 2.],True
10,20,34,6,[2. 2. 2. 2. 2. 2. 2. 2. 2. 2.],True
10,20,35,7,[2. 2. 2. 2. 2. 2. 2. 2. 2. 2.],True
10,20,36,6,[2. 2. 2. 2. 2. 2. 2. 2. 2. 2.],True
10,20,37,6,[2. 2. 2. 2. 2. 2. 2. 2. 2. 2.],True
10,20,38,6,[2. 2. 2. 2. 2. 2. 2. 2. 2. 2.],True
10,20,39,8,[2. 2. 2. 2. 2. 2. 2. 2. 2. 2.],True
10,30,0,7,[3. 3. 3. 3. 3. 3. 3. 3. 3. 3.],True
10,30,1,8,[3. 3. 3. 3. 3. 3. 3. 3. 3. 3.],True
10,30,2,10,[3. 3. 3. 3. 3. 3. 3. 3. 3. 3.],True
10,30,3,6,[3. 3. 3. 3. 3. 3. 3. 3. 3. 3.],True
10,30,4,7,[3. 3. 3. 3. 3. 3. 3. 3. 3. 3.],True
10,30,5,9,[3. 3. 3. 3. 3. 3. 3. 3. 3. 3.],True
10,30,6,8,[3. 3. 3. 3. 3. 3. 3. 3. 3. 3.],True
10,30,7,7,[3. 3. 3. 3. 3. 3. 3. 3. 3. 3.],True
10,30,8,10,[3. 3. 3. 3. 3. 3. 3. 3. 3. 3.],True
10,30,9,8,[3. 3. 3. 3. 3. 3. 3. 3. 3. 3.],True
10,30,10,7,[3. 3. 3. 3. 3. 3. 3. 3. 3. 3.],True
10,30,11,13,[3. 3. 3. 3. 3. 3. 3. 3. 3. 3.],True
10,30,12,8,[3. 3. 3. 3. 3. 3. 3. 3. 3. 3.],True
10,30,13,8,[3. 3. 3. 3. 3. 3. 3. 3. 3. 3.],True
10,30,14,8,[3. 3. 3. 3. 3. 3. 3. 3. 3. 3.],True
10,30,15,10,[3. 3. 3. 3. 3. 3. 3. 3. 3. 3.],True
10,30,16,5,[3. 3. 3. 3. 3. 3. 3. 3. 3. 3.],True
10,30,17,9,[3. 3. 3. 3. 3. 3. 3. 3. 3. 3.],True
10,30,18,9,[3. 3. 3. 3. 3. 3. 3. 3. 3. 3.],True
10,30,19,6,[3. 3. 3. 3. 3. 3. 3. 3. 3. 3.],True
10,30,20,9,[3. 3. 3. 3. 3. 3. 3. 3. 3. 3.],True
10,30,21,5,[3. 3. 3. 3. 3. 3. 3. 3. 3. 3.],True
10,30,22,10,[3. 3. 3. 3. 3. 3. 3. 3. 3. 3.],True
10,30,23,6,[3. 3. 3. 3. 3. 3. 3. 3. 3. 3.],True
10,30,24,8,[3. 3. 3. 3. 3. 3. 3. 3. 3. 3.],True
10,30,25,5,[3. 3. 3. 3. 3. 3. 3. 3. 3. 3.],True
10,30,26,8,[3. 3. 3. 3. 3. 3. 3. 3. 3. 3.],True
10,30,27,5,[3. 3. 3. 3. 3. 3. 3. 3. 3. 3.],True
10,30,28,4,[3. 3. 3. 3. 3. 3. 3. 3. 3. 3.],True
10,30,29,7,[3. 3. 3. 3. 3. 3. 3. 3. 3. 3.],True
10,30,30,12,[3. 3. 3. 3. 3. 3. 3. 3. 3. 3.],True
10,30,31,12,[3. 3. 3. 3. 3. 3. 3. 3. 3. 3.],True
10,30,32,11,[3. 3. 3. 3. 3. 3. 3. 3. 3. 3.],True
10,30,33,9,[3. 3. 3. 3. 3. 3. 3. 3. 3. 3.],True
10,30,34,9,[3. 3. 3. 3. 3. 3. 3. 3. 3. 3.],True
10,30,35,8,[3. 3. 3. 3. 3. 3. 3. 3. 3. 3.],True
10,30,36,9,[3. 3. 3. 3. 3. 3. 3. 3. 3. 3.],True
10,30,37,11,[3. 3. 3. 3. 3. 3. 3. 3. 3. 3.],True
10,30,38,8,[3. 3. 3. 3. 3. 3. 3. 3. 3. 3.],True
10,30,39,9,[3. 3. 3. 3. 3. 3. 3. 3. 3. 3.],True
10,40,0,10,[4. 4. 4. 3. 4. 4. 4. 4. 4. 5.],True
10,40,1,8,[4. 4. 4. 3. 4. 4. 4. 4. 4. 5.],True
10,40,2,9,[4. 4. 4. 3. 4. 4. 4. 4. 4. 5.],True
10,40,3,12,[4. 4. 4. 3. 4. 4. 4. 4. 4. 5.],True
10,40,4,9,[4. 4. 4. 3. 4. 4. 4. 4. 4. 5.],True
10,40,5,7,[4. 4. 4. 3. 4. 4. 4. 4. 4. 5.],True
10,40,6,13,[4. 4. 4. 3. 4. 4. 4. 4. 4. 5.],True
10,40,7,7,[4. 4. 4. 3. 4. 4. 4. 4. 4. 5.],True
10,40,8,9,[4. 4. 4. 3. 4. 4. 4. 4. 4. 5.],True
10,40,9,10,[4. 4. 4. 3. 4. 4. 4. 4. 4. 5.],True
10,40,10,11,[4. 4. 4. 3. 4. 4. 4. 4. 4. 5.],True
10,40,11,13,[4. 4. 4. 3. 4. 4. 4. 4. 4. 5.],True
10,40,12,15,[4. 4. 4. 3. 4. 4. 4. 4. 4. 5.],True
10,40,13,8,[4. 4. 4. 3. 4. 4. 4. 4. 4. 5.],True
10,40,14,13,[4. 4. 4. 3. 4. 4. 4. 4. 4. 5.],True
10,40,15,13,[4. 4. 4. 3. 4. 4. 4. 4. 4. 5.],True
10,40,16,6,[4. 4. 4. 3. 4. 4. 4. 4. 4. 5.],True
10,40,17,11,[4. 4. 4. 3. 4. 4. 4. 4. 4. 5.],True
10,40,18,11,[4. 4. 4. 3. 4. 4. 4. 4. 4. 5.],True
10,40,19,7,[4. 4. 4. 3. 4. 4. 4. 4. 4. 5.],True
10,40,20,9,[4. 4. 4. 3. 4. 4. 4. 4. 4. 5.],True
10,40,21,10,[4. 4. 4. 3. 4. 4. 4. 4. 4. 5.],True
10,40,22,4,[4. 4. 4. 3. 4. 4. 4. 4. 4. 5.],True
10,40,23,10,[4. 4. 4. 3. 4. 4. 4. 4. 4. 5.],True
10,40,24,14,[4. 4. 4. 3. 4. 4. 4. 4. 4. 5.],True
10,40,25,14,[4. 4. 4. 3. 4. 4. 4. 4. 4. 5.],True
10,40,26,9,[4. 4. 4. 3. 4. 4. 4. 4. 4. 5.],True
10,40,27,8,[4. 4. 4. 3. 4. 4. 4. 4. 4. 5.],True
10,40,28,11,[4. 4. 4. 3. 4. 4. 4. 4. 4. 5.],True
10,40,29,9,[4. 4. 4. 3. 4. 4. 4. 4. 4. 5.],True
10,40,30,12,[4. 4. 4. 3. 4. 4. 4. 4. 4. 5.],True
10,40,31,6,[4. 4. 4. 3. 4. 4. 4. 4. 4. 5.],True
10,40,32,12,[4. 4. 4. 3. 4. 4. 4. 4. 4. 5.],True
10,40,33,13,[4. 4. 4. 3. 4. 4. 4. 4. 4. 5.],True
10,40,34,8,[4. 4. 4. 3. 4. 4. 4. 4. 4. 5.],True
10,40,35,6,[4. 4. 4. 3. 4. 4. 4. 4. 4. 5.],True
10,40,36,10,[4. 4. 4. 3. 4. 4. 4. 4. 4. 5.],True
10,40,37,10,[4. 4. 4. 3. 4. 4. 4. 4. 4. 5.],True
10,40,38,8,[4. 4. 4. 3. 4. 4. 4. 4. 4. 5.],True
10,40,39,16,[4. 4. 4. 3. 4. 4. 4. 4. 4. 5.],True
10,50,0,8,[5. 5. 5. 4. 5. 5. 5. 5. 5. 6.],True
10,50,1,10,[5. 5. 5. 4. 5. 5. 5. 5. 5. 6.],True
10,50,2,10,[5. 5. 5. 4. 5. 5. 5. 5. 5. 6.],True
10,50,3,7,[5. 5. 5. 4. 5. 5. 5. 5. 5. 6.],True
10,50,4,12,[5. 5. 5. 4. 5. 5. 5. 5. 5. 6.],True
10,50,5,14,[5. 5. 5. 4. 5. 5. 5. 5. 5. 6.],True
10,50,6,9,[5. 5. 5. 4. 5. 5. 5. 5. 5. 6.],True
10,50,7,11,[5. 5. 5. 4. 5. 5. 5. 5. 5. 6.],True
10,50,8,11,[5. 5. 5. 4. 5. 5. 5. 5. 5. 6.],True
10,50,9,12,[5. 5. 5. 4. 5. 5. 5. 5. 5. 6.],True
10,50,10,14,[5. 5. 5. 4. 5. 5. 5. 5. 5. 6.],True
10,50,11,15,[5. 5. 5. 4. 5. 5. 5. 5. 5. 6.],True
10,50,12,13,[5. 5. 5. 4. 5. 5. 5. 5. 5. 6.],True
10,50,13,14,[5. 5. 5. 4. 5. 5. 5. 5. 5. 6.],True
10,50,14,13,[5. 5. 5. 4. 5. 5. 5. 5. 5. 6.],True
10,50,15,11,[5. 5. 5. 4. 5. 5. 5. 5. 5. 6.],True
10,50,16,14,[5. 5. 5. 4. 5. 5. 5. 5. 5. 6.],True
10,50,17,9,[5. 5. 5. 4. 5. 5. 5. 5. 5. 6.],True
10,50,18,4,[5. 5. 5. 4. 5. 5. 5. 5. 5. 6.],True
10,50,19,8,[5. 5. 5. 4. 5. 5. 5. 5. 5. 6.],True
10,50,20,8,[5. 5. 5. 4. 5. 5. 5. 5. 5. 6.],True
10,50,21,12,[5. 5. 5. 4. 5. 5. 5. 5. 5. 6.],True
10,50,22,6,[5. 5. 5. 4. 5. 5. 5. 5. 5. 6.],True
10,50,23,10,[5. 5. 5. 4. 5. 5. 5. 5. 5. 6.],True
10,50,24,12,[5. 5. 5. 4. 5. 5. 5. 5. 5. 6.],True
10,50,25,8,[5. 5. 5. 4. 5. 5. 5. 5. 5. 6.],True
10,50,26,9,[5. 5. 5. 4. 5. 5. 5. 5. 5. 6.],True
10,50,27,7,[5. 5. 5. 4. 5. 5. 5. 5. 5. 6.],True
10,50,28,9,[5. 5. 5. 4. 5. 5. 5. 5. 5. 6.],True
10,50,29,13,[5. 5. 5. 4. 5. 5. 5. 5. 5. 6.],True
10,50,30,8,[5. 5. 5. 4. 5. 5. 5. 5. 5. 6.],True
10,50,31,7,[5. 5. 5. 4. 5. 5. 5. 5. 5. 6.],True
10,50,32,12,[5. 5. 5. 4. 5. 5. 5. 5. 5. 6.],True
10,50,33,12,[5. 5. 5. 4. 5. 5. 5. 5. 5. 6.],True
10,50,34,11,[5. 5. 5. 4. 5. 5. 5. 5. 5. 6.],True
10,50,35,13,[5. 5. 5. 4. 5. 5. 5. 5. 5. 6.],True
10,50,36,14,[5. 5. 5. 4. 5. 5. 5. 5. 5. 6.],True
10,50,37,10,[5. 5. 5. 4. 5. 5. 5. 5. 5. 6.],True
10,50,38,8,[5. 5. 5. 4. 5. 5. 5. 5. 5. 6.],True
10,50,39,8,[5. 5. 5. 4. 5. 5. 5. 5. 5. 6.],True
10,60,0,9,[6. 6. 6. 5. 6. 6. 7. 6. 5. 7.],True
10,60,1,14,[6. 6. 6. 5. 6. 6. 7. 6. 5. 7.],True
10,60,2,15,[6. 6. 6. 5. 6. 6. 7. 6. 5. 7.],True
10,60,3,15,[6. 6. 6. 5. 6. 6. 7. 6. 5. 7.],True
10,60,4,11,[6. 6. 6. 5. 6. 6. 7. 6. 5. 7.],True
10,60,5,14,[6. 6. 6. 5. 6. 6. 7. 6. 5. 7.],True
10,60,6,13,[6. 6. 6. 5. 6. 6. 7. 6. 5. 7.],True
10,60,7,11,[6. 6. 6. 5. 6. 6. 7. 6. 5. 7.],True
10,60,8,14,[6. 6. 6. 5. 6. 6. 7. 6. 5. 7.],True
10,60,9,11,[6. 6. 6. 5. 6. 6. 7. 6. 5. 7.],True
10,60,10,13,[6. 6. 6. 5. 6. 6. 7. 6. 5. 7.],True
10,60,11,15,[6. 6. 6. 5. 6. 6. 7. 6. 5. 7.],True
10,60,12,13,[6. 6. 6. 5. 6. 6. 7. 6. 5. 7.],True
10,60,13,11,[6. 6. 6. 5. 6. 6. 7. 6. 5. 7.],True
10,60,14,14,[6. 6. 6. 5. 6. 6. 7. 6. 5. 7.],True
10,60,15,15,[6. 6. 6. 5. 6. 6. 7. 6. 5. 7.],True
10,60,16,12,[6. 6. 6. 5. 6. 6. 7. 6. 5. 7.],True
10,60,17,10,[6. 6. 6. 5. 6. 6. 7. 6. 5. 7.],True
10,60,18,15,[6. 6. 6. 5. 6. 6. 7. 6. 5. 7.],True
10,60,19,14,[6. 6. 6. 5. 6. 6. 7. 6. 5. 7.],True
10,60,20,12,[6. 6. 6. 5. 6. 6. 7. 6. 5. 7.],True
10,60,21,12,[6. 6. 6. 5. 6. 6. 7. 6. 5. 7.],True
10,60,22,10,[6. 6. 6. 5. 6. 6. 7. 6. 5. 7.],True
10,60,23,11,[6. 6. 6. 5. 6. 6. 7. 6. 5. 7.],True
10,60,24,18,[6. 6. 6. 5. 6. 6. 7. 6. 5. 7.],True
10,60,25,15,[6. 6. 6. 5. 6. 6. 7. 6. 5. 7.],True
10,60,26,18,[6. 6. 6. 5. 6. 6. 7. 6. 5. 7.],True
10,60,27,14,[6. 6. 6. 5. 6. 6. 7. 6. 5. 7.],True
10,60,28,14,[6. 6. 6. 5. 6. 6. 7. 6. 5. 7.],True
10,60,29,12,[6. 6. 6. 5. 6. 6. 7. 6. 5. 7.],True
10,60,30,11,[6. 6. 6. 5. 6. 6. 7. 6. 5. 7.],True
10,60,31,8,[6. 6. 6. 5. 6. 6. 7. 6. 5. 7.],True
10,60,32,10,[6. 6. 6. 5. 6. 6. 7. 6. 5. 7.],True
10,60,33,12,[6. 6. 6. 5. 6. 6. 7. 6. 5. 7.],True
10,60,34,10,[6. 6. 6. 5. 6. 6. 7. 6. 5. 7.],True
10,60,35,11,[6. 6. 6. 5. 6. 6. 7. 6. 5. 7.],True
10,60,36,6,[6. 6. 6. 5. 6. 6. 7. 6. 5. 7.],True
10,60,37,11,[6. 6. 6. 5. 6. 6. 7. 6. 5. 7.],True
10,60,38,12,[6. 6. 6. 5. 6. 6. 7. 6. 5. 7.],True
10,60,39,17,[6. 6. 6. 5. 6. 6. 7. 6. 5. 7.],True
10,70,0,14,[7. 7. 7. 6. 6. 7. 8. 7. 6. 9.],True
10,70,1,15,[7. 7. 7. 6. 6. 7. 8. 7. 6. 9.],True
10,70,2,9,[7. 7. 7. 6. 6. 7. 8. 7. 6. 9.],True
10,70,3,14,[7. 7. 7. 6. 6. 7. 8. 7. 6. 9.],True
10,70,4,11,[7. 7. 7. 6. 6. 7. 8. 7. 6. 9.],True
10,70,5,10,[7. 7. 7. 6. 6. 7. 8. 7. 6. 9.],True
10,70,6,17,[7. 7. 7. 6. 6. 7. 8. 7. 6. 9.],True
10,70,7,9,[7. 7. 7. 6. 6. 7. 8. 7. 6. 9.],True
10,70,8,13,[7. 7. 7. 6. 6. 7. 8. 7. 6. 9.],True
10,70,9,14,[7. 7. 7. 6. 6. 7. 8. 7. 6. 9.],True
10,70,10,12,[7. 7. 7. 6. 6. 7. 8. 7. 6. 9.],True
10,70,11,11,[7. 7. 7. 6. 6. 7. 8. 7. 6. 9.],True
10,70,12,10,[7. 7. 7. 6. 6. 7. 8. 7. 6. 9.],True
10,70,13,13,[7. 7. 7. 6. 6. 7. 8. 7. 6. 9.],True
10,70,14,15,[7. 7. 7. 6. 6. 7. 8. 7. 6. 9.],True
10,70,15,15,[7. 7. 7. 6. 6. 7. 8. 7. 6. 9.],True
10,70,16,12,[7. 7. 7. 6. 6. 7. 8. 7. 6. 9.],True
10,70,17,12,[7. 7. 7. 6. 6. 7. 8. 7. 6. 9.],True
10,70,18,15,[7. 7. 7. 6. 6. 7. 8. 7. 6. 9.],True
10,70,19,13,[7. 7. 7. 6. 6. 7. 8. 7. 6. 9.],True
10,70,20,12,[7. 7. 7. 6. 6. 7. 8. 7. 6. 9.],True
10,70,21,10,[7. 7. 7. 6. 6. 7. 8. 7. 6. 9.],True
10,70,22,13,[7. 7. 7. 6. 6. 7. 8. 7. 6. 9.],True
10,70,23,12,[7. 7. 7. 6. 6. 7. 8. 7. 6. 9.],True
10,70,24,10,[7. 7. 7. 6. 6. 7. 8. 7. 6. 9.],True
10,70,25,10,[7. 7. 7. 6. 6. 7. 8. 7. 6. 9.],True
10,70,26,12,[7. 7. 7. 6. 6. 7. 8. 7. 6. 9.],True
10,70,27,10,[7. 7. 7. 6. 6. 7. 8. 7. 6. 9.],True
10,70,28,10,[7. 7. 7. 6. 6. 7. 8. 7. 6. 9.],True
10,70,29,11,[7. 7. 7. 6. 6. 7. 8. 7. 6. 9.],True
10,70,30,14,[7. 7. 7. 6. 6. 7. 8. 7. 6. 9.],True
10,70,31,18,[7. 7. 7. 6. 6. 7. 8. 7. 6. 9.],True
10,70,32,11,[7. 7. 7. 6. 6. 7. 8. 7. 6. 9.],True
10,70,33,18,[7. 7. 7. 6. 6. 7. 8. 7. 6. 9.],True
10,70,34,9,[7. 7. 7. 6. 6. 7. 8. 7. 6. 9.],True
10,70,35,15,[7. 7. 7. 6. 6. 7. 8. 7. 6. 9.],True
10,70,36,16,[7. 7. 7. 6. 6. 7. 8. 7. 6. 9.],True
10,70,37,12,[7. 7. 7. 6. 6. 7. 8. 7. 6. 9.],True
10,70,38,10,[7. 7. 7. 6. 6. 7. 8. 7. 6. 9.],True
10,70,39,8,[7. 7. 7. 6. 6. 7. 8. 7. 6. 9.],True
10,80,0,18,[ 8.  8.  7.  7.  7.  9.  9.  8.  7. 10.],True
10,80,1,14,[ 8.  8.  7.  7.  7.  9.  9.  8.  7. 10.],True
10,80,2,12,[ 8.  8.  7.  7.  7.  9.  9.  8.  7. 10.],True
10,80,3,15,[ 8.  8.  7.  7.  7.  9.  9.  8.  7. 10.],True
10,80,4,20,[ 8.  8.  7.  7.  7.  9.  9.  8.  7. 10.],True
10,80,5,12,[ 8.  8.  7.  7.  7.  9.  9.  8.  7. 10.],True
10,80,6,16,[ 8.  8.  7.  7.  7.  9.  9.  8.  7. 10.],True
10,80,7,15,[ 8.  8.  7.  7.  7.  9.  9.  8.  7. 10.],True
10,80,8,12,[ 8.  8.  7.  7.  7.  9.  9.  8.  7. 10.],True
10,80,9,18,[ 8.  8.  7.  7.  7.  9.  9.  8.  7. 10.],True
10,80,10,17,[ 8.  8.  7.  7.  7.  9.  9.  8.  7. 10.],True
10,80,11,14,[ 8.  8.  7.  7.  7.  9.  9.  8.  7. 10.],True
10,80,12,15,[ 8.  8.  7.  7.  7.  9.  9.  8.  7. 10.],True
10,80,13,20,[ 8.  8.  7.  7.  7.  9.  9.  8.  7. 10.],True
10,80,14,17,[ 8.  8.  7.  7.  7.  9.  9.  8.  7. 10.],True
10,80,15,13,[ 8.  8.  7.  7.  7.  9.  9.  8.  7. 10.],True
10,80,16,13,[ 8.  8.  7.  7.  7.  9.  9.  8.  7. 10.],True
10,80,17,14,[ 8.  8.  7.  7.  7.  9.  9.  8.  7. 10.],True
10,80,18,16,[ 8.  8.  7.  7.  7.  9.  9.  8.  7. 10.],True
10,80,19,17,[ 8.  8.  7.  7.  7.  9.  9.  8.  7. 10.],True
10,80,20,14,[ 8.  8.  7.  7.  7.  9.  9.  8.  7. 10.],True
10,80,21,9,[ 8.  8.  7.  7.  7.  9.  9.  8.  7. 10.],True
10,80,22,6,[ 8.  8.  7.  7.  7.  9.  9.  8.  7. 10.],True
10,80,23,14,[ 8.  8.  7.  7.  7.  9.  9.  8.  7. 10.],True
10,80,24,16,[ 8.  8.  7.  7.  7.  9.  9.  8.  7. 10.],True
10,80,25,16,[ 8.  8.  7.  7.  7.  9.  9.  8.  7. 10.],True
10,80,26,14,[ 8.  8.  7.  7.  7.  9.  9.  8.  7. 10.],True
10,80,27,17,[ 8.  8.  7.  7.  7.  9.  9.  8.  7. 10.],True
10,80,28,7,[ 8.  8.  7.  7.  7.  9.  9.  8.  7. 10.],True
10,80,29,21,[ 8.  8.  7.  7.  7.  9.  9.  8.  7. 10.],True
10,80,30,15,[ 8.  8.  7.  7.  7.  9.  9.  8.  7. 10.],True
10,80,31,19,[ 8.  8.  7.  7.  7.  9.  9.  8.  7. 10.],True
10,80,32,13,[ 8.  8.  7.  7.  7.  9.  9.  8.  7. 10.],True
10,80,33,18,[ 8.  8.  7.  7.  7.  9.  9.  8.  7. 10.],True
10,80,34,13,[ 8.  8.  7.  7.  7.  9.  9.  8.  7. 10.],True
10,80,35,6,[ 8.  8.  7.  7.  7.  9.  9.  8.  7. 10.],True
10,80,36,13,[ 8.  8.  7.  7.  7.  9.  9.  8.  7. 10.],True
10,80,37,14,[ 8.  8.  7.  7.  7.  9.  9.  8.  7. 10.],True
10,80,38,9,[ 8.  8.  7.  7.  7.  9.  9.  8.  7. 10.],True
10,80,39,17,[ 8.  8.  7.  7.  7.  9.  9.  8.  7. 10.],True
10,90,0,19,[ 9.  9.  8.  8.  8. 10. 10.  9.  8. 11.],True
10,90,1,13,[ 9.  9.  8.  8.  8. 10. 10.  9.  8. 11.],True
10,90,2,18,[ 9.  9.  8.  8.  8. 10. 10.  9.  8. 11.],True
10,90,3,6,[ 9.  9.  8.  8.  8. 10. 10.  9.  8. 11.],True
10,90,4,21,[ 9.  9.  8.  8.  8. 10. 10.  9.  8. 11.],True
10,90,5,21,[ 9.  9.  8.  8.  8. 10. 10.  9.  8. 11.],True
10,90,6,10,[ 9.  9.  8.  8.  8. 10. 10.  9.  8. 11.],True
10,90,7,16,[ 9.  9.  8.  8.  8. 10. 10.  9.  8. 11.],True
10,90,8,11,[ 9.  9.  8.  8.  8. 10. 10.  9.  8. 11.],True
10,90,9,14,[ 9.  9.  8.  8.  8. 10. 10.  9.  8. 11.],True
10,90,10,17,[ 9.  9.  8.  8.  8. 10. 10.  9.  8. 11.],True
10,90,11,18,[ 9.  9.  8.  8.  8. 10. 10.  9.  8. 11.],True
10,90,12,18,[ 9.  9.  8.  8.  8. 10. 10.  9.  8. 11.],True
10,90,13,14,[ 9.  9.  8.  8.  8. 10. 10.  9.  8. 11.],True
10,90,14,13,[ 9.  9.  8.  8.  8. 10. 10.  9.  8. 11.],True
10,90,15,22,[ 9.  9.  8.  8.  8. 10. 10.  9.  8. 11.],True
10,90,16,10,[ 9.  9.  8.  8.  8. 10. 10.  9.  8. 11.],True
10,90,17,10,[ 9.  9.  8.  8.  8. 10. 10.  9.  8. 11.],True
10,90,18,17,[ 9.  9.  8.  8.  8. 10. 10.  9.  8. 11.],True
10,90,19,8,[ 9.  9.  8.  8.  8. 10. 10.  9.  8. 11.],True
10,90,20,22,[ 9.  9.  8.  8.  8. 10. 10.  9.  8. 11.],True
10,90,21,18,[ 9.  9.  8.  8.  8. 10. 10.  9.  8. 11.],True
10,90,22,16,[ 9.  9.  8.  8.  8. 10. 10.  9.  8. 11.],True
10,90,23,13,[ 9.  9.  8.  8.  8. 10. 10.  9.  8. 11.],True
10,90,24,18,[ 9.  9.  8.  8.  8. 10. 10.  9.  8. 11.],True
10,90,25,21,[ 9.  9.  8.  8.  8. 10. 10.  9.  8. 11.],True
10,90,26,15,[ 9.  9.  8.  8.  8. 10. 10.  9.  8. 11.],True
10,90,27,17,[ 9.  9.  8.  8.  8. 10. 10.  9.  8. 11.],True
10,90,28,16,[ 9.  9.  8.  8.  8. 10. 10.  9.  8. 11.],True
10,90,29,10,[ 9.  9.  8.  8.  8. 10. 10.  9.  8. 11.],True
10,90,30,14,[ 9.  9.  8.  8.  8. 10. 10.  9.  8. 11.],True
10,90,31,10,[ 9.  9.  8.  8.  8. 10. 10.  9.  8. 11.],True
10,90,32,10,[ 9.  9.  8.  8.  8. 10. 10.  9.  8. 11.],True
10,90,33,14,[ 9.  9.  8.  8.  8. 10. 10.  9.  8. 11.],True
10,90,34,16,[ 9.  9.  8.  8.  8. 10. 10.  9.  8. 11.],True
10,90,35,12,[ 9.  9.  8.  8.  8. 10. 10.  9.  8. 11.],True
10,90,36,12,[ 9.  9.  8.  8.  8. 10. 10.  9.  8. 11.],True
10,90,37,16,[ 9.  9.  8.  8.  8. 10. 10.  9.  8. 11.],True
10,90,38,16,[ 9.  9.  8.  8.  8. 10. 10.  9.  8. 11.],True
10,90,39,10,[ 9.  9.  8.  8.  8. 10. 10.  9.  8. 11.],True
10,100,0,15,[10. 10.  9.  9.  9. 11. 11. 10.  9. 12.],True
10,100,1,12,[10. 10.  9.  9.  9. 11. 11. 10.  9. 12.],True
10,100,2,22,[10. 10.  9.  9.  9. 11. 11. 10.  9. 12.],True
10,100,3,15,[10. 10.  9.  9.  9. 11. 11. 10.  9. 12.],True
10,100,4,19,[10. 10.  9.  9.  9. 11. 11. 10.  9. 12.],True
10,100,5,15,[10. 10.  9.  9.  9. 11. 11. 10.  9. 12.],True
10,100,6,16,[10. 10.  9.  9.  9. 11. 11. 10.  9. 12.],True
10,100,7,17,[10. 10.  9.  9.  9. 11. 11. 10.  9. 12.],True
10,100,8,20,[10. 10.  9.  9.  9. 11. 11. 10.  9. 12.],True
10,100,9,18,[10. 10.  9.  9.  9. 11. 11. 10.  9. 12.],True
10,100,10,10,[10. 10.  9.  9.  9. 11. 11. 10.  9. 12.],True
10,100,11,26,[10. 10.  9.  9.  9. 11. 11. 10.  9. 12.],True
10,100,12,18,[10. 10.  9.  9.  9. 11. 11. 10.  9. 12.],True
10,100,13,19,[10. 10.  9.  9.  9. 11. 11. 10.  9. 12.],True
10,100,14,18,[10. 10.  9.  9.  9. 11. 11. 10.  9. 12.],True
10,100,15,11,[10. 10.  9.  9.  9. 11. 11. 10.  9. 12.],True
10,100,16,14,[10. 10.  9.  9.  9. 11. 11. 10.  9. 12.],True
10,100,17,14,[10. 10.  9.  9.  9. 11. 11. 10.  9. 12.],True
10,100,18,18,[10. 10.  9.  9.  9. 11. 11. 10.  9. 12.],True
10,100,19,19,[10. 10.  9.  9.  9. 11. 11. 10.  9. 12.],True
10,100,20,18,[10. 10.  9.  9.  9. 11. 11. 10.  9. 12.],True
10,100,21,13,[10. 10.  9.  9.  9. 11. 11. 10.  9. 12.],True
10,100,22,19,[10. 10.  9.  9.  9. 11. 11. 10.  9. 12.],True
10,100,23,24,[10. 10.  9.  9.  9. 11. 11. 10.  9. 12.],True
10,100,24,20,[10. 10.  9.  9.  9. 11. 11. 10.  9. 12.],True
10,100,25,15,[10. 10.  9.  9.  9. 11. 11. 10.  9. 12.],True
10,100,26,16,[10. 10.  9.  9.  9. 11. 11. 10.  9. 12.],True
10,100,27,21,[10. 10.  9.  9.  9. 11. 11. 10.  9. 12.],True
10,100,28,21,[10. 10.  9.  9.  9. 11. 11. 10.  9. 12.],True
10,100,29,13,[10. 10.  9.  9.  9. 11. 11. 10.  9. 12.],True
10,100,30,17,[10. 10.  9.  9.  9. 11. 11. 10.  9. 12.],True
10,100,31,11,[10. 10.  9.  9.  9. 11. 11. 10.  9. 12.],True
10,100,32,11,[10. 10.  9.  9.  9. 11. 11. 10.  9. 12.],True
10,100,33,18,[10. 10.  9.  9.  9. 11. 11. 10.  9. 12.],True
10,100,34,19,[10. 10.  9.  9.  9. 11. 11. 10.  9. 12.],True
10,100,35,18,[10. 10.  9.  9.  9. 11. 11. 10.  9. 12.],True
10,100,36,20,[10. 10.  9.  9.  9. 11. 11. 10.  9. 12.],True
10,100,37,24,[10. 10.  9.  9.  9. 11. 11. 10.  9. 12.],True
10,100,38,17,[10. 10.  9.  9.  9. 11. 11. 10.  9. 12.],True
10,100,39,13,[10. 10.  9.  9.  9. 11. 11. 10.  9. 12.],True
15,10,0,7,[0. 1. 1. 1. 0. 1. 0. 1. 1. 1. 1. 0. 0. 1. 1.],True
15,10,1,7,[0. 1. 1. 1. 0. 1. 0. 1. 1. 1. 1. 0. 0. 1. 1.],True
15,10,2,9,[0. 1. 1. 1. 0. 1. 0. 1. 1. 1. 1. 0. 0. 1. 1.],True
15,10,3,4,[0. 1. 1. 1. 0. 1. 0. 1. 1. 1. 1. 0. 0. 1. 1.],True
15,10,4,7,[0. 1. 1. 1. 0. 1. 0. 1. 1. 1. 1. 0. 0. 1. 1.],True
15,10,5,8,[0. 1. 1. 1. 0. 1. 0. 1. 1. 1. 1. 0. 0. 1. 1.],True
15,10,6,6,[0. 1. 1. 1. 0. 1. 0. 1. 1. 1. 1. 0. 0. 1. 1.],True
15,10,7,9,[0. 1. 1. 1. 0. 1. 0. 1. 1. 1. 1. 0. 0. 1. 1.],True
15,10,8,8,[0. 1. 1. 1. 0. 1. 0. 1. 1. 1. 1. 0. 0. 1. 1.],True
15,10,9,7,[0. 1. 1. 1. 0. 1. 0. 1. 1. 1. 1. 0. 0. 1. 1.],True
15,10,10,6,[0. 1. 1. 1. 0. 1. 0. 1. 1. 1. 1. 0. 0. 1. 1.],True
15,10,11,7,[0. 1. 1. 1. 0. 1. 0. 1. 1. 1. 1. 0. 0. 1. 1.],True
15,10,12,10,[0. 1. 1. 1. 0. 1. 0. 1. 1. 1. 1. 0. 0. 1. 1.],True
15,10,13,5,[0. 1. 1. 1. 0. 1. 0. 1. 1. 1. 1. 0. 0. 1. 1.],True
15,10,14,8,[0. 1. 1. 1. 0. 1. 0. 1. 1. 1. 1. 0. 0. 1. 1.],True
15,10,15,7,[0. 1. 1. 1. 0. 1. 0. 1. 1. 1. 1. 0. 0. 1. 1.],True
15,10,16,6,[0. 1. 1. 1. 0. 1. 0. 1. 1. 1. 1. 0. 0. 1. 1.],True
15,10,17,8,[0. 1. 1. 1. 0. 1. 0. 1. 1. 1. 1. 0. 0. 1. 1.],True
15,10,18,7,[0. 1. 1. 1. 0. 1. 0. 1. 1. 1. 1. 0. 0. 1. 1.],True
15,10,19,5,[0. 1. 1. 1. 0. 1. 0. 1. 1. 1. 1. 0. 0. 1. 1.],True
15,10,20,7,[0. 1. 1. 1. 0. 1. 0. 1. 1. 1. 1. 0. 0. 1. 1.],True
15,10,21,8,[0. 1. 1. 1. 0. 1. 0. 1. 1. 1. 1. 0. 0. 1. 1.],True
15,10,22,7,[0. 1. 1. 1. 0. 1. 0. 1. 1. 1. 1. 0. 0. 1. 1.],True
15,10,23,7,[0. 1. 1. 1. 0. 1. 0. 1. 1. 1. 1. 0. 0. 1. 1.],True
15,10,24,8,[0. 1. 1. 1. 0. 1. 0. 1. 1. 1. 1. 0. 0. 1. 1.],True
15,10,25,6,[0. 1. 1. 1. 0. 1. 0. 1. 1. 1. 1. 0. 0. 1. 1.],True
15,10,26,3,[0. 1. 1. 1. 0. 1. 0. 1. 1. 1. 1. 0. 0. 1. 1.],True
15,10,27,5,[0. 1. 1. 1. 0. 1. 0. 1. 1. 1. 1. 0. 0. 1. 1.],True
15,10,28,7,[0. 1. 1. 1. 0. 1. 0. 1. 1. 1. 1. 0. 0. 1. 1.],True
15,10,29,4,[0. 1. 1. 1. 0. 1. 0. 1. 1. 1. 1. 0. 0. 1. 1.],True
15,10,30,6,[0. 1. 1. 1. 0. 1. 0. 1. 1. 1. 1. 0. 0. 1. 1.],True
15,10,31,9,[0. 1. 1. 1. 0. 1. 0. 1. 1. 1. 1. 0. 0. 1. 1.],True
15,10,32,7,[0. 1. 1. 1. 0. 1. 0. 1. 1. 1. 1. 0. 0. 1. 1.],True
15,10,33,7,[0. 1. 1. 1. 0. 1. 0. 1. 1. 1. 1. 0. 0. 1. 1.],True
15,10,34,7,[0. 1. 1. 1. 0. 1. 0. 1. 1. 1. 1. 0. 0. 1. 1.],True
15,10,35,7,[0. 1. 1. 1. 0. 1. 0. 1. 1. 1. 1. 0. 0. 1. 1.],True
15,10,36,8,[0. 1. 1. 1. 0. 1. 0. 1. 1. 1. 1. 0. 0. 1. 1.],True
15,10,37,7,[0. 1. 1. 1. 0. 1. 0. 1. 1. 1. 1. 0. 0. 1. 1.],True
15,10,38,5,[0. 1. 1. 1. 0. 1. 0. 1. 1. 1. 1. 0. 0. 1. 1.],True
15,10,39,7,[0. 1. 1. 1. 0. 1. 0. 1. 1. 1. 1. 0. 0. 1. 1.],True
15,20,0,8,[1. 2. 2. 1. 1. 1. 1. 1. 1. 1. 2. 1. 1. 2. 2.],True
15,20,1,8,[1. 2. 2. 1. 1. 1. 1. 1. 1. 1. 2. 1. 1. 2. 2.],True
15,20,2,8,[1. 2. 2. 1. 1. 1. 1. 1. 1. 1. 2. 1. 1. 2. 2.],True
15,20,3,10,[1. 2. 2. 1. 1. 1. 1. 1. 1. 1. 2. 1. 1. 2. 2.],True
15,20,4,9,[1. 2. 2. 1. 1. 1. 1. 1. 1. 1. 2. 1. 1. 2. 2.],True
15,20,5,10,[1. 2. 2. 1. 1. 1. 1. 1. 1. 1. 2. 1. 1. 2. 2.],True
15,20,6,10,[1. 2. 2. 1. 1. 1. 1. 1. 1. 1. 2. 1. 1. 2. 2.],True
15,20,7,9,[1. 2. 2. 1. 1. 1. 1. 1. 1. 1. 2. 1. 1. 2. 2.],True
15,20,8,8,[1. 2. 2. 1. 1. 1. 1. 1. 1. 1. 2. 1. 1. 2. 2.],True
15,20,9,11,[1. 2. 2. 1. 1. 1. 1. 1. 1. 1. 2. 1. 1. 2. 2.],True
15,20,10,8,[1. 2. 2. 1. 1. 1. 1. 1. 1. 1. 2. 1. 1. 2. 2.],True
15,20,11,8,[1. 2. 2. 1. 1. 1. 1. 1. 1. 1. 2. 1. 1. 2. 2.],True
15,20,12,10,[1. 2. 2. 1. 1. 1. 1. 1. 1. 1. 2. 1. 1. 2. 2.],True
15,20,13,9,[1. 2. 2. 1. 1. 1. 1. 1. 1. 1. 2. 1. 1. 2. 2.],True
15,20,14,10,[1. 2. 2. 1. 1. 1. 1. 1. 1. 1. 2. 1. 1. 2. 2.],True
15,20,15,8,[1. 2. 2. 1. 1. 1. 1. 1. 1. 1. 2. 1. 1. 2. 2.],True
15,20,16,8,[1. 2. 2. 1. 1. 1. 1. 1. 1. 1. 2. 1. 1. 2. 2.],True
15,20,17,7,[1. 2. 2. 1. 1. 1. 1. 1. 1. 1. 2. 1. 1. 2. 2.],True
15,20,18,7,[1. 2. 2. 1. 1. 1. 1. 1. 1. 1. 2. 1. 1. 2. 2.],True
15,20,19,8,[1. 2. 2. 1. 1. 1. 1. 1. 1. 1. 2. 1. 1. 2. 2.],True
15,20,20,11,[1. 2. 2. 1. 1. 1. 1. 1. 1. 1. 2. 1. 1. 2. 2.],True
15,20,21,9,[1. 2. 2. 1. 1. 1. 1. 1. 1. 1. 2. 1. 1. 2. 2.],True
15,20,22,9,[1. 2. 2. 1. 1. 1. 1. 1. 1. 1. 2. 1. 1. 2. 2.],True
15,20,23,10,[1. 2. 2. 1. 1. 1. 1. 1. 1. 1. 2. 1. 1. 2. 2.],True
15,20,24,10,[1. 2. 2. 1. 1. 1. 1. 1. 1. 1. 2. 1. 1. 2. 2.],True
15,20,25,8,[1. 2. 2. 1. 1. 1. 1. 1. 1. 1. 2. 1. 1. 2. 2.],True
15,20,26,8,[1. 2. 2. 1. 1. 1. 1. 1. 1. 1. 2. 1. 1. 2. 2.],True
15,20,27,8,[1. 2. 2. 1. 1. 1. 1. 1. 1. 1. 2. 1. 1. 2. 2.],True
15,20,28,11,[1. 2. 2. 1. 1. 1. 1. 1. 1. 1. 2. 1. 1. 2. 2.],True
15,20,29,10,[1. 2. 2. 1. 1. 1. 1. 1. 1. 1. 2. 1. 1. 2. 2.],True
15,20,30,8,[1. 2. 2. 1. 1. 1. 1. 1. 1. 1. 2. 1. 1. 2. 2.],True
15,20,31,8,[1. 2. 2. 1. 1. 1. 1. 1. 1. 1. 2. 1. 1. 2. 2.],True
15,20,32,11,[1. 2. 2. 1. 1. 1. 1. 1. 1. 1. 2. 1. 1. 2. 2.],True
15,20,33,10,[1. 2. 2. 1. 1. 1. 1. 1. 1. 1. 2. 1. 1. 2. 2.],True
15,20,34,6,[1. 2. 2. 1. 1. 1. 1. 1. 1. 1. 2. 1. 1. 2. 2.],True
15,20,35,8,[1. 2. 2. 1. 1. 1. 1. 1. 1. 1. 2. 1. 1. 2. 2.],True
15,20,36,8,[1. 2. 2. 1. 1. 1. 1. 1. 1. 1. 2. 1. 1. 2. 2.],True
15,20,37,11,[1. 2. 2. 1. 1. 1. 1. 1. 1. 1. 2. 1. 1. 2. 2.],True
15,20,38,6,[1. 2. 2. 1. 1. 1. 1. 1. 1. 1. 2. 1. 1. 2. 2.],True
15,20,39,9,[1. 2. 2. 1. 1. 1. 1. 1. 1. 1. 2. 1. 1. 2. 2.],True
15,30,0,10,[2. 2. 3. 2. 2. 2. 1. 2. 2. 2. 2. 2. 2. 2. 2.],True
15,30,1,13,[2. 2. 3. 2. 2. 2. 1. 2. 2. 2. 2. 2. 2. 2. 2.],True
15,30,2,7,[2. 2. 3. 2. 2. 2. 1. 2. 2. 2. 2. 2. 2. 2. 2.],True
15,30,3,7,[2. 2. 3. 2. 2. 2. 1. 2. 2. 2. 2. 2. 2. 2. 2.],True
15,30,4,9,[2. 2. 3. 2. 2. 2. 1. 2. 2. 2. 2. 2. 2. 2. 2.],True
15,30,5,10,[2. 2. 3. 2. 2. 2. 1. 2. 2. 2. 2. 2. 2. 2. 2.],True
15,30,6,6,[2. 2. 3. 2. 2. 2. 1. 2. 2. 2. 2. 2. 2. 2. 2.],True
15,30,7,15,[2. 2. 3. 2. 2. 2. 1. 2. 2. 2. 2. 2. 2. 2. 2.],True
15,30,8,12,[2. 2. 3. 2. 2. 2. 1. 2. 2. 2. 2. 2. 2. 2. 2.],True
15,30,9,10,[2. 2. 3. 2. 2. 2. 1. 2. 2. 2. 2. 2. 2. 2. 2.],True
15,30,10,10,[2. 2. 3. 2. 2. 2. 1. 2. 2. 2. 2. 2. 2. 2. 2.],True
15,30,11,10,[2. 2. 3. 2. 2. 2. 1. 2. 2. 2. 2. 2. 2. 2. 2.],True
15,30,12,8,[2. 2. 3. 2. 2. 2. 1. 2. 2. 2. 2. 2. 2. 2. 2.],True
15,30,13,9,[2. 2. 3. 2. 2. 2. 1. 2. 2. 2. 2. 2. 2. 2. 2.],True
15,30,14,9,[2. 2. 3. 2. 2. 2. 1. 2. 2. 2. 2. 2. 2. 2. 2.],True
15,30,15,17,[2. 2. 3. 2. 2. 2. 1. 2. 2. 2. 2. 2. 2. 2. 2.],True
15,30,16,7,[2. 2. 3. 2. 2. 2. 1. 2. 2. 2. 2. 2. 2. 2. 2.],True
15,30,17,11,[2. 2. 3. 2. 2. 2. 1. 2. 2. 2. 2. 2. 2. 2. 2.],True
15,30,18,9,[2. 2. 3. 2. 2. 2. 1. 2. 2. 2. 2. 2. 2. 2. 2.],True
15,30,19,12,[2. 2. 3. 2. 2. 2. 1. 2. 2. 2. 2. 2. 2. 2. 2.],True
15,30,20,9,[2. 2. 3. 2. 2. 2. 1. 2. 2. 2. 2. 2. 2. 2. 2.],True
15,30,21,10,[2. 2. 3. 2. 2. 2. 1. 2. 2. 2. 2. 2. 2. 2. 2.],True
15,30,22,13,[2. 2. 3. 2. 2. 2. 1. 2. 2. 2. 2. 2. 2. 2. 2.],True
15,30,23,9,[2. 2. 3. 2. 2. 2. 1. 2. 2. 2. 2. 2. 2. 2. 2.],True
15,30,24,11,[2. 2. 3. 2. 2. 2. 1. 2. 2. 2. 2. 2. 2. 2. 2.],True
15,30,25,13,[2. 2. 3. 2. 2. 2. 1. 2. 2. 2. 2. 2. 2. 2. 2.],True
15,30,26,13,[2. 2. 3. 2. 2. 2. 1. 2. 2. 2. 2. 2. 2. 2. 2.],True
15,30,27,11,[2. 2. 3. 2. 2. 2. 1. 2. 2. 2. 2. 2. 2. 2. 2.],True
15,30,28,15,[2. 2. 3. 2. 2. 2. 1. 2. 2. 2. 2. 2. 2. 2. 2.],True
15,30,29,12,[2. 2. 3. 2. 2. 2. 1. 2. 2. 2. 2. 2. 2. 2. 2.],True
15,30,30,12,[2. 2. 3. 2. 2. 2. 1. 2. 2. 2. 2. 2. 2. 2. 2.],True
15,30,31,9,[2. 2. 3. 2. 2. 2. 1. 2. 2. 2. 2. 2. 2. 2. 2.],True
15,30,32,11,[2. 2. 3. 2. 2. 2. 1. 2. 2. 2. 2. 2. 2. 2. 2.],True
15,30,33,13,[2. 2. 3. 2. 2. 2. 1. 2. 2. 2. 2. 2. 2. 2. 2.],True
15,30,34,14,[2. 2. 3. 2. 2. 2. 1. 2. 2. 2. 2. 2. 2. 2. 2.],True
15,30,35,10,[2. 2. 3. 2. 2. 2. 1. 2. 2. 2. 2. 2. 2. 2. 2.],True
15,30,36,9,[2. 2. 3. 2. 2. 2. 1. 2. 2. 2. 2. 2. 2. 2. 2.],True
15,30,37,12,[2. 2. 3. 2. 2. 2. 1. 2. 2. 2. 2. 2. 2. 2. 2.],True
15,30,38,10,[2. 2. 3. 2. 2. 2. 1. 2. 2. 2. 2. 2. 2. 2. 2.],True
15,30,39,11,[2. 2. 3. 2. 2. 2. 1. 2. 2. 2. 2. 2. 2. 2. 2.],True
15,40,0,12,[2. 3. 4. 3. 2. 3. 2. 3. 3. 2. 3. 2. 2. 3. 3.],True
15,40,1,15,[2. 3. 4. 3. 2. 3. 2. 3. 3. 2. 3. 2. 2. 3. 3.],True
15,40,2,14,[2. 3. 4. 3. 2. 3. 2. 3. 3. 2. 3. 2. 2. 3. 3.],True
15,40,3,15,[2. 3. 4. 3. 2. 3. 2. 3. 3. 2. 3. 2. 2. 3. 3.],True
15,40,4,13,[2. 3. 4. 3. 2. 3. 2. 3. 3. 2. 3. 2. 2. 3. 3.],True
15,40,5,12,[2. 3. 4. 3. 2. 3. 2. 3. 3. 2. 3. 2. 2. 3. 3.],True
15,40,6,14,[2. 3. 4. 3. 2. 3. 2. 3. 3. 2. 3. 2. 2. 3. 3.],True
15,40,7,14,[2. 3. 4. 3. 2. 3. 2. 3. 3. 2. 3. 2. 2. 3. 3.],True
15,40,8,13,[2. 3. 4. 3. 2. 3. 2. 3. 3. 2. 3. 2. 2. 3. 3.],True
15,40,9,12,[2. 3. 4. 3. 2. 3. 2. 3. 3. 2. 3. 2. 2. 3. 3.],True
15,40,10,8,[2. 3. 4. 3. 2. 3. 2. 3. 3. 2. 3. 2. 2. 3. 3.],True
15,40,11,16,[2. 3. 4. 3. 2. 3. 2. 3. 3. 2. 3. 2. 2. 3. 3.],True
15,40,12,12,[2. 3. 4. 3. 2. 3. 2. 3. 3. 2. 3. 2. 2. 3. 3.],True
15,40,13,14,[2. 3. 4. 3. 2. 3. 2. 3. 3. 2. 3. 2. 2. 3. 3.],True
15,40,14,9,[2. 3. 4. 3. 2. 3. 2. 3. 3. 2. 3. 2. 2. 3. 3.],True
15,40,15,18,[2. 3. 4. 3. 2. 3. 2. 3. 3. 2. 3. 2. 2. 3. 3.],True
15,40,16,13,[2. 3. 4. 3. 2. 3. 2. 3. 3. 2. 3. 2. 2. 3. 3.],True
15,40,17,9,[2. 3. 4. 3. 2. 3. 2. 3. 3. 2. 3. 2. 2. 3. 3.],True
15,40,18,12,[2. 3. 4. 3. 2. 3. 2. 3. 3. 2. 3. 2. 2. 3. 3.],True
15,40,19,16,[2. 3. 4. 3. 2. 3. 2. 3. 3. 2. 3. 2. 2. 3. 3.],True
15,40,20,15,[2. 3. 4. 3. 2. 3. 2. 3. 3. 2. 3. 2. 2. 3. 3.],True
15,40,21,12,[2. 3. 4. 3. 2. 3. 2. 3. 3. 2. 3. 2. 2. 3. 3.],True
15,40,22,13,[2. 3. 4. 3. 2. 3. 2. 3. 3. 2. 3. 2. 2. 3. 3.],True
15,40,23,11,[2. 3. 4. 3. 2. 3. 2. 3. 3. 2. 3. 2. 2. 3. 3.],True
15,40,24,11,[2. 3. 4. 3. 2. 3. 2. 3. 3. 2. 3. 2. 2. 3. 3.],True
15,40,25,13,[2. 3. 4. 3. 2. 3. 2. 3. 3. 2. 3. 2. 2. 3. 3.],True
15,40,26,13,[2. 3. 4. 3. 2. 3. 2. 3. 3. 2. 3. 2. 2. 3. 3.],True
15,40,27,13,[2. 3. 4. 3. 2. 3. 2. 3. 3. 2. 3. 2. 2. 3. 3.],True
15,40,28,13,[2. 3. 4. 3. 2. 3. 2. 3. 3. 2. 3. 2. 2. 3. 3.],True
15,40,29,12,[2. 3. 4. 3. 2. 3. 2. 3. 3. 2. 3. 2. 2. 3. 3.],True
15,40,30,13,[2. 3. 4. 3. 2. 3. 2. 3. 3. 2. 3. 2. 2. 3. 3.],True
15,40,31,14,[2. 3. 4. 3. 2. 3. 2. 3. 3. 2. 3. 2. 2. 3. 3.],True
15,40,32,15,[2. 3. 4. 3. 2. 3. 2. 3. 3. 2. 3. 2. 2. 3. 3.],True
15,40,33,13,[2. 3. 4. 3. 2. 3. 2. 3. 3. 2. 3. 2. 2. 3. 3.],True
15,40,34,11,[2. 3. 4. 3. 2. 3. 2. 3. 3. 2. 3. 2. 2. 3. 3.],True
15,40,35,11,[2. 3. 4. 3. 2. 3. 2. 3. 3. 2. 3. 2. 2. 3. 3.],True
15,40,36,14,[2. 3. 4. 3. 2. 3. 2. 3. 3. 2. 3. 2. 2. 3. 3.],True
15,40,37,10,[2. 3. 4. 3. 2. 3. 2. 3. 3. 2. 3. 2. 2. 3. 3.],True
15,40,38,13,[2. 3. 4. 3. 2. 3. 2. 3. 3. 2. 3. 2. 2. 3. 3.],True
15,40,39,10,[2. 3. 4. 3. 2. 3. 2. 3. 3. 2. 3. 2. 2. 3. 3.],True
15,50,0,12,[3. 4. 5. 3. 3. 3. 2. 3. 3. 3. 4. 3. 3. 4. 4.],True
15,50,1,16,[3. 4. 5. 3. 3. 3. 2. 3. 3. 3. 4. 3. 3. 4. 4.],True
15,50,2,15,[3. 4. 5. 3. 3. 3. 2. 3. 3. 3. 4. 3. 3. 4. 4.],True
15,50,3,15,[3. 4. 5. 3. 3. 3. 2. 3. 3. 3. 4. 3. 3. 4. 4.],True
15,50,4,10,[3. 4. 5. 3. 3. 3. 2. 3. 3. 3. 4. 3. 3. 4. 4.],True
15,50,5,14,[3. 4. 5. 3. 3. 3. 2. 3. 3. 3. 4. 3. 3. 4. 4.],True
15,50,6,16,[3. 4. 5. 3. 3. 3. 2. 3. 3. 3. 4. 3. 3. 4. 4.],True
15,50,7,12,[3. 4. 5. 3. 3. 3. 2. 3. 3. 3. 4. 3. 3. 4. 4.],True
15,50,8,13,[3. 4. 5. 3. 3. 3. 2. 3. 3. 3. 4. 3. 3. 4. 4.],True
15,50,9,13,[3. 4. 5. 3. 3. 3. 2. 3. 3. 3. 4. 3. 3. 4. 4.],True
15,50,10,17,[3. 4. 5. 3. 3. 3. 2. 3. 3. 3. 4. 3. 3. 4. 4.],True
15,50,11,16,[3. 4. 5. 3. 3. 3. 2. 3. 3. 3. 4. 3. 3. 4. 4.],True
15,50,12,13,[3. 4. 5. 3. 3. 3. 2. 3. 3. 3. 4. 3. 3. 4. 4.],True
15,50,13,17,[3. 4. 5. 3. 3. 3. 2. 3. 3. 3. 4. 3. 3. 4. 4.],True
15,50,14,14,[3. 4. 5. 3. 3. 3. 2. 3. 3. 3. 4. 3. 3. 4. 4.],True
15,50,15,13,[3. 4. 5. 3. 3. 3. 2. 3. 3. 3. 4. 3. 3. 4. 4.],True
15,50,16,14,[3. 4. 5. 3. 3. 3. 2. 3. 3. 3. 4. 3. 3. 4. 4.],True
15,50,17,15,[3. 4. 5. 3. 3. 3. 2. 3. 3. 3. 4. 3. 3. 4. 4.],True
15,50,18,15,[3. 4. 5. 3. 3. 3. 2. 3. 3. 3. 4. 3. 3. 4. 4.],True
15,50,19,10,[3. 4. 5. 3. 3. 3. 2. 3. 3. 3. 4. 3. 3. 4. 4.],True
15,50,20,15,[3. 4. 5. 3. 3. 3. 2. 3. 3. 3. 4. 3. 3. 4. 4.],True
15,50,21,16,[3. 4. 5. 3. 3. 3. 2. 3. 3. 3. 4. 3. 3. 4. 4.],True
15,50,22,17,[3. 4. 5. 3. 3. 3. 2. 3. 3. 3. 4. 3. 3. 4. 4.],True
15,50,23,17,[3. 4. 5. 3. 3. 3. 2. 3. 3. 3. 4. 3. 3. 4. 4.],True
15,50,24,19,[3. 4. 5. 3. 3. 3. 2. 3. 3. 3. 4. 3. 3. 4. 4.],True
15,50,25,16,[3. 4. 5. 3. 3. 3. 2. 3. 3. 3. 4. 3. 3. 4. 4.],True
15,50,26,17,[3. 4. 5. 3. 3. 3. 2. 3. 3. 3. 4. 3. 3. 4. 4.],True
15,50,27,15,[3. 4. 5. 3. 3. 3. 2. 3. 3. 3. 4. 3. 3. 4. 4.],True
15,50,28,13,[3. 4. 5. 3. 3. 3. 2. 3. 3. 3. 4. 3. 3. 4. 4.],True
15,50,29,12,[3. 4. 5. 3. 3. 3. 2. 3. 3. 3. 4. 3. 3. 4. 4.],True
15,50,30,11,[3. 4. 5. 3. 3. 3. 2. 3. 3. 3. 4. 3. 3. 4. 4.],True
15,50,31,15,[3. 4. 5. 3. 3. 3. 2. 3. 3. 3. 4. 3. 3. 4. 4.],True
15,50,32,12,[3. 4. 5. 3. 3. 3. 2. 3. 3. 3. 4. 3. 3. 4. 4.],True
15,50,33,14,[3. 4. 5. 3. 3. 3. 2. 3. 3. 3. 4. 3. 3. 4. 4.],True
15,50,34,15,[3. 4. 5. 3. 3. 3. 2. 3. 3. 3. 4. 3. 3. 4. 4.],True
15,50,35,15,[3. 4. 5. 3. 3. 3. 2. 3. 3. 3. 4. 3. 3. 4. 4.],True
15,50,36,11,[3. 4. 5. 3. 3. 3. 2. 3. 3. 3. 4. 3. 3. 4. 4.],True
15,50,37,14,[3. 4. 5. 3. 3. 3. 2. 3. 3. 3. 4. 3. 3. 4. 4.],True
15,50,38,13,[3. 4. 5. 3. 3. 3. 2. 3. 3. 3. 4. 3. 3. 4. 4.],True
15,50,39,17,[3. 4. 5. 3. 3. 3. 2. 3. 3. 3. 4. 3. 3. 4. 4.],True
15,60,0,11,[3. 4. 5. 4. 4. 4. 2. 4. 4. 4. 4. 4. 4. 5. 5.],True
15,60,1,21,[3. 4. 5. 4. 4. 4. 2. 4. 4. 4. 4. 4. 4. 5. 5.],True
15,60,2,14,[3. 4. 5. 4. 4. 4. 2. 4. 4. 4. 4. 4. 4. 5. 5.],True
15,60,3,12,[3. 4. 5. 4. 4. 4. 2. 4. 4. 4. 4. 4. 4. 5. 5.],True
15,60,4,13,[3. 4. 5. 4. 4. 4. 2. 4. 4. 4. 4. 4. 4. 5. 5.],True
15,60,5,14,[3. 4. 5. 4. 4. 4. 2. 4. 4. 4. 4. 4. 4. 5. 5.],True
15,60,6,18,[3. 4. 5. 4. 4. 4. 2. 4. 4. 4. 4. 4. 4. 5. 5.],True
15,60,7,12,[3. 4. 5. 4. 4. 4. 2. 4. 4. 4. 4. 4. 4. 5. 5.],True
15,60,8,12,[3. 4. 5. 4. 4. 4. 2. 4. 4. 4. 4. 4. 4. 5. 5.],True
15,60,9,15,[3. 4. 5. 4. 4. 4. 2. 4. 4. 4. 4. 4. 4. 5. 5.],True
15,60,10,16,[3. 4. 5. 4. 4. 4. 2. 4. 4. 4. 4. 4. 4. 5. 5.],True
15,60,11,20,[3. 4. 5. 4. 4. 4. 2. 4. 4. 4. 4. 4. 4. 5. 5.],True
15,60,12,18,[3. 4. 5. 4. 4. 4. 2. 4. 4. 4. 4. 4. 4. 5. 5.],True
15,60,13,12,[3. 4. 5. 4. 4. 4. 2. 4. 4. 4. 4. 4. 4. 5. 5.],True
15,60,14,15,[3. 4. 5. 4. 4. 4. 2. 4. 4. 4. 4. 4. 4. 5. 5.],True
15,60,15,10,[3. 4. 5. 4. 4. 4. 2. 4. 4. 4. 4. 4. 4. 5. 5.],True
15,60,16,16,[3. 4. 5. 4. 4. 4. 2. 4. 4. 4. 4. 4. 4. 5. 5.],True
15,60,17,20,[3. 4. 5. 4. 4. 4. 2. 4. 4. 4. 4. 4. 4. 5. 5.],True
15,60,18,17,[3. 4. 5. 4. 4. 4. 2. 4. 4. 4. 4. 4. 4. 5. 5.],True
15,60,19,18,[3. 4. 5. 4. 4. 4. 2. 4. 4. 4. 4. 4. 4. 5. 5.],True
15,60,20,22,[3. 4. 5. 4. 4. 4. 2. 4. 4. 4. 4. 4. 4. 5. 5.],True
15,60,21,15,[3. 4. 5. 4. 4. 4. 2. 4. 4. 4. 4. 4. 4. 5. 5.],True
15,60,22,16,[3. 4. 5. 4. 4. 4. 2. 4. 4. 4. 4. 4. 4. 5. 5.],True
15,60,23,16,[3. 4. 5. 4. 4. 4. 2. 4. 4. 4. 4. 4. 4. 5. 5.],True
15,60,24,16,[3. 4. 5. 4. 4. 4. 2. 4. 4. 4. 4. 4. 4. 5. 5.],True
15,60,25,17,[3. 4. 5. 4. 4. 4. 2. 4. 4. 4. 4. 4. 4. 5. 5.],True
15,60,26,16,[3. 4. 5. 4. 4. 4. 2. 4. 4. 4. 4. 4. 4. 5. 5.],True
15,60,27,15,[3. 4. 5. 4. 4. 4. 2. 4. 4. 4. 4. 4. 4. 5. 5.],True
15,60,28,18,[3. 4. 5. 4. 4. 4. 2. 4. 4. 4. 4. 4. 4. 5. 5.],True
15,60,29,16,[3. 4. 5. 4. 4. 4. 2. 4. 4. 4. 4. 4. 4. 5. 5.],True
15,60,30,16,[3. 4. 5. 4. 4. 4. 2. 4. 4. 4. 4. 4. 4. 5. 5.],True
15,60,31,16,[3. 4. 5. 4. 4. 4. 2. 4. 4. 4. 4. 4. 4. 5. 5.],True
15,60,32,17,[3. 4. 5. 4. 4. 4. 2. 4. 4. 4. 4. 4. 4. 5. 5.],True
15,60,33,18,[3. 4. 5. 4. 4. 4. 2. 4. 4. 4. 4. 4. 4. 5. 5.],True
15,60,34,20,[3. 4. 5. 4. 4. 4. 2. 4. 4. 4. 4. 4. 4. 5. 5.],True
15,60,35,8,[3. 4. 5. 4. 4. 4. 2. 4. 4. 4. 4. 4. 4. 5. 5.],True
15,60,36,15,[3. 4. 5. 4. 4. 4. 2. 4. 4. 4. 4. 4. 4. 5. 5.],True
15,60,37,21,[3. 4. 5. 4. 4. 4. 2. 4. 4. 4. 4. 4. 4. 5. 5.],True
15,60,38,16,[3. 4. 5. 4. 4. 4. 2. 4. 4. 4. 4. 4. 4. 5. 5.],True
15,60,39,15,[3. 4. 5. 4. 4. 4. 2. 4. 4. 4. 4. 4. 4. 5. 5.],True
15,70,0,15,[4. 5. 6. 5. 4. 5. 3. 5. 4. 4. 5. 4. 4. 6. 6.],True
15,70,1,15,[4. 5. 6. 5. 4. 5. 3. 5. 4. 4. 5. 4. 4. 6. 6.],True
15,70,2,20,[4. 5. 6. 5. 4. 5. 3. 5. 4. 4. 5. 4. 4. 6. 6.],True
15,70,3,27,[4. 5. 6. 5. 4. 5. 3. 5. 4. 4. 5. 4. 4. 6. 6.],True
15,70,4,18,[4. 5. 6. 5. 4. 5. 3. 5. 4. 4. 5. 4. 4. 6. 6.],True
15,70,5,14,[4. 5. 6. 5. 4. 5. 3. 5. 4. 4. 5. 4. 4. 6. 6.],True
15,70,6,12,[4. 5. 6. 5. 4. 5. 3. 5. 4. 4. 5. 4. 4. 6. 6.],True
15,70,7,21,[4. 5. 6. 5. 4. 5. 3. 5. 4. 4. 5. 4. 4. 6. 6.],True
15,70,8,15,[4. 5. 6. 5. 4. 5. 3. 5. 4. 4. 5. 4. 4. 6. 6.],True
15,70,9,13,[4. 5. 6. 5. 4. 5. 3. 5. 4. 4. 5. 4. 4. 6. 6.],True
15,70,10,17,[4. 5. 6. 5. 4. 5. 3. 5. 4. 4. 5. 4. 4. 6. 6.],True
15,70,11,11,[4. 5. 6. 5. 4. 5. 3. 5. 4. 4. 5. 4. 4. 6. 6.],True
15,70,12,12,[4. 5. 6. 5. 4. 5. 3. 5. 4. 4. 5. 4. 4. 6. 6.],True
15,70,13,17,[4. 5. 6. 5. 4. 5. 3. 5. 4. 4. 5. 4. 4. 6. 6.],True
15,70,14,16,[4. 5. 6. 5. 4. 5. 3. 5. 4. 4. 5. 4. 4. 6. 6.],True
15,70,15,16,[4. 5. 6. 5. 4. 5. 3. 5. 4. 4. 5. 4. 4. 6. 6.],True
15,70,16,13,[4. 5. 6. 5. 4. 5. 3. 5. 4. 4. 5. 4. 4. 6. 6.],True
15,70,17,18,[4. 5. 6. 5. 4. 5. 3. 5. 4. 4. 5. 4. 4. 6. 6.],True
15,70,18,11,[4. 5. 6. 5. 4. 5. 3. 5. 4. 4. 5. 4. 4. 6. 6.],True
15,70,19,15,[4. 5. 6. 5. 4. 5. 3. 5. 4. 4. 5. 4. 4. 6. 6.],True
15,70,20,16,[4. 5. 6. 5. 4. 5. 3. 5. 4. 4. 5. 4. 4. 6. 6.],True
15,70,21,19,[4. 5. 6. 5. 4. 5. 3. 5. 4. 4. 5. 4. 4. 6. 6.],True
15,70,22,17,[4. 5. 6. 5. 4. 5. 3. 5. 4. 4. 5. 4. 4. 6. 6.],True
15,70,23,17,[4. 5. 6. 5. 4. 5. 3. 5. 4. 4. 5. 4. 4. 6. 6.],True
15,70,24,17,[4. 5. 6. 5. 4. 5. 3. 5. 4. 4. 5. 4. 4. 6. 6.],True
15,70,25,17,[4. 5. 6. 5. 4. 5. 3. 5. 4. 4. 5. 4. 4. 6. 6.],True
15,70,26,15,[4. 5. 6. 5. 4. 5. 3. 5. 4. 4. 5. 4. 4. 6. 6.],True
15,70,27,17,[4. 5. 6. 5. 4. 5. 3. 5. 4. 4. 5. 4. 4. 6. 6.],True
15,70,28,17,[4. 5. 6. 5. 4. 5. 3. 5. 4. 4. 5. 4. 4. 6. 6.],True
15,70,29,15,[4. 5. 6. 5. 4. 5. 3. 5. 4. 4. 5. 4. 4. 6. 6.],True
15,70,30,18,[4. 5. 6. 5. 4. 5. 3. 5. 4. 4. 5. 4. 4. 6. 6.],True
15,70,31,12,[4. 5. 6. 5. 4. 5. 3. 5. 4. 4. 5. 4. 4. 6. 6.],True
15,70,32,14,[4. 5. 6. 5. 4. 5. 3. 5. 4. 4. 5. 4. 4. 6. 6.],True
15,70,33,20,[4. 5. 6. 5. 4. 5. 3. 5. 4. 4. 5. 4. 4. 6. 6.],True
15,70,34,12,[4. 5. 6. 5. 4. 5. 3. 5. 4. 4. 5. 4. 4. 6. 6.],True
15,70,35,17,[4. 5. 6. 5. 4. 5. 3. 5. 4. 4. 5. 4. 4. 6. 6.],True
15,70,36,13,[4. 5. 6. 5. 4. 5. 3. 5. 4. 4. 5. 4. 4. 6. 6.],True
15,70,37,20,[4. 5. 6. 5. 4. 5. 3. 5. 4. 4. 5. 4. 4. 6. 6.],True
15,70,38,20,[4. 5. 6. 5. 4. 5. 3. 5. 4. 4. 5. 4. 4. 6. 6.],True
15,70,39,18,[4. 5. 6. 5. 4. 5. 3. 5. 4. 4. 5. 4. 4. 6. 6.],True
15,80,0,17,[5. 6. 7. 5. 5. 5. 4. 5. 5. 5. 6. 5. 5. 6. 6.],True
15,80,1,19,[5. 6. 7. 5. 5. 5. 4. 5. 5. 5. 6. 5. 5. 6. 6.],True
15,80,2,20,[5. 6. 7. 5. 5. 5. 4. 5. 5. 5. 6. 5. 5. 6. 6.],True
15,80,3,19,[5. 6. 7. 5. 5. 5. 4. 5. 5. 5. 6. 5. 5. 6. 6.],True
15,80,4,19,[5. 6. 7. 5. 5. 5. 4. 5. 5. 5. 6. 5. 5. 6. 6.],True
15,80,5,18,[5. 6. 7. 5. 5. 5. 4. 5. 5. 5. 6. 5. 5. 6. 6.],True
15,80,6,19,[5. 6. 7. 5. 5. 5. 4. 5. 5. 5. 6. 5. 5. 6. 6.],True
15,80,7,26,[5. 6. 7. 5. 5. 5. 4. 5. 5. 5. 6. 5. 5. 6. 6.],True
15,80,8,19,[5. 6. 7. 5. 5. 5. 4. 5. 5. 5. 6. 5. 5. 6. 6.],True
15,80,9,20,[5. 6. 7. 5. 5. 5. 4. 5. 5. 5. 6. 5. 5. 6. 6.],True
15,80,10,14,[5. 6. 7. 5. 5. 5. 4. 5. 5. 5. 6. 5. 5. 6. 6.],True
15,80,11,20,[5. 6. 7. 5. 5. 5. 4. 5. 5. 5. 6. 5. 5. 6. 6.],True
15,80,12,20,[5. 6. 7. 5. 5. 5. 4. 5. 5. 5. 6. 5. 5. 6. 6.],True
15,80,13,17,[5. 6. 7. 5. 5. 5. 4. 5. 5. 5. 6. 5. 5. 6. 6.],True
15,80,14,28,[5. 6. 7. 5. 5. 5. 4. 5. 5. 5. 6. 5. 5. 6. 6.],True
15,80,15,21,[5. 6. 7. 5. 5. 5. 4. 5. 5. 5. 6. 5. 5. 6. 6.],True
15,80,16,18,[5. 6. 7. 5. 5. 5. 4. 5. 5. 5. 6. 5. 5. 6. 6.],True
15,80,17,20,[5. 6. 7. 5. 5. 5. 4. 5. 5. 5. 6. 5. 5. 6. 6.],True
15,80,18,22,[5. 6. 7. 5. 5. 5. 4. 5. 5. 5. 6. 5. 5. 6. 6.],True
15,80,19,16,[5. 6. 7. 5. 5. 5. 4. 5. 5. 5. 6. 5. 5. 6. 6.],True
15,80,20,16,[5. 6. 7. 5. 5. 5. 4. 5. 5. 5. 6. 5. 5. 6. 6.],True
15,80,21,13,[5. 6. 7. 5. 5. 5. 4. 5. 5. 5. 6. 5. 5. 6. 6.],True
15,80,22,15,[5. 6. 7. 5. 5. 5. 4. 5. 5. 5. 6. 5. 5. 6. 6.],True
15,80,23,17,[5. 6. 7. 5. 5. 5. 4. 5. 5. 5. 6. 5. 5. 6. 6.],True
15,80,24,22,[5. 6. 7. 5. 5. 5. 4. 5. 5. 5. 6. 5. 5. 6. 6.],True
15,80,25,21,[5. 6. 7. 5. 5. 5. 4. 5. 5. 5. 6. 5. 5. 6. 6.],True
15,80,26,10,[5. 6. 7. 5. 5. 5. 4. 5. 5. 5. 6. 5. 5. 6. 6.],True
15,80,27,18,[5. 6. 7. 5. 5. 5. 4. 5. 5. 5. 6. 5. 5. 6. 6.],True
15,80,28,19,[5. 6. 7. 5. 5. 5. 4. 5. 5. 5. 6. 5. 5. 6. 6.],True
15,80,29,21,[5. 6. 7. 5. 5. 5. 4. 5. 5. 5. 6. 5. 5. 6. 6.],True
15,80,30,17,[5. 6. 7. 5. 5. 5. 4. 5. 5. 5. 6. 5. 5. 6. 6.],True
15,80,31,25,[5. 6. 7. 5. 5. 5. 4. 5. 5. 5. 6. 5. 5. 6. 6.],True
15,80,32,19,[5. 6. 7. 5. 5. 5. 4. 5. 5. 5. 6. 5. 5. 6. 6.],True
15,80,33,21,[5. 6. 7. 5. 5. 5. 4. 5. 5. 5. 6. 5. 5. 6. 6.],True
15,80,34,22,[5. 6. 7. 5. 5. 5. 4. 5. 5. 5. 6. 5. 5. 6. 6.],True
15,80,35,28,[5. 6. 7. 5. 5. 5. 4. 5. 5. 5. 6. 5. 5. 6. 6.],True
15,80,36,24,[5. 6. 7. 5. 5. 5. 4. 5. 5. 5. 6. 5. 5. 6. 6.],True
15,80,37,17,[5. 6. 7. 5. 5. 5. 4. 5. 5. 5. 6. 5. 5. 6. 6.],True
15,80,38,19,[5. 6. 7. 5. 5. 5. 4. 5. 5. 5. 6. 5. 5. 6. 6.],True
15,80,39,15,[5. 6. 7. 5. 5. 5. 4. 5. 5. 5. 6. 5. 5. 6. 6.],True
15,90,0,25,[5. 6. 8. 6. 6. 6. 4. 6. 6. 5. 7. 6. 5. 7. 7.],True
15,90,1,20,[5. 6. 8. 6. 6. 6. 4. 6. 6. 5. 7. 6. 5. 7. 7.],True
15,90,2,17,[5. 6. 8. 6. 6. 6. 4. 6. 6. 5. 7. 6. 5. 7. 7.],True
15,90,3,15,[5. 6. 8. 6. 6. 6. 4. 6. 6. 5. 7. 6. 5. 7. 7.],True
15,90,4,22,[5. 6. 8. 6. 6. 6. 4. 6. 6. 5. 7. 6. 5. 7. 7.],True
15,90,5,18,[5. 6. 8. 6. 6. 6. 4. 6. 6. 5. 7. 6. 5. 7. 7.],True
15,90,6,19,[5. 6. 8. 6. 6. 6. 4. 6. 6. 5. 7. 6. 5. 7. 7.],True
15,90,7,22,[5. 6. 8. 6. 6. 6. 4. 6. 6. 5. 7. 6. 5. 7. 7.],True
15,90,8,17,[5. 6. 8. 6. 6. 6. 4. 6. 6. 5. 7. 6. 5. 7. 7.],True
15,90,9,20,[5. 6. 8. 6. 6. 6. 4. 6. 6. 5. 7. 6. 5. 7. 7.],True
15,90,10,13,[5. 6. 8. 6. 6. 6. 4. 6. 6. 5. 7. 6. 5. 7. 7.],True
15,90,11,19,[5. 6. 8. 6. 6. 6. 4. 6. 6. 5. 7. 6. 5. 7. 7.],True
15,90,12,28,[5. 6. 8. 6. 6. 6. 4. 6. 6. 5. 7. 6. 5. 7. 7.],True
15,90,13,22,[5. 6. 8. 6. 6. 6. 4. 6. 6. 5. 7. 6. 5. 7. 7.],True
15,90,14,21,[5. 6. 8. 6. 6. 6. 4. 6. 6. 5. 7. 6. 5. 7. 7.],True
15,90,15,18,[5. 6. 8. 6. 6. 6. 4. 6. 6. 5. 7. 6. 5. 7. 7.],True
15,90,16,18,[5. 6. 8. 6. 6. 6. 4. 6. 6. 5. 7. 6. 5. 7. 7.],True
15,90,17,20,[5. 6. 8. 6. 6. 6. 4. 6. 6. 5. 7. 6. 5. 7. 7.],True
15,90,18,20,[5. 6. 8. 6. 6. 6. 4. 6. 6. 5. 7. 6. 5. 7. 7.],True
15,90,19,23,[5. 6. 8. 6. 6. 6. 4. 6. 6. 5. 7. 6. 5. 7. 7.],True
15,90,20,18,[5. 6. 8. 6. 6. 6. 4. 6. 6. 5. 7. 6. 5. 7. 7.],True
15,90,21,17,[5. 6. 8. 6. 6. 6. 4. 6. 6. 5. 7. 6. 5. 7. 7.],True
15,90,22,19,[5. 6. 8. 6. 6. 6. 4. 6. 6. 5. 7. 6. 5. 7. 7.],True
15,90,23,12,[5. 6. 8. 6. 6. 6. 4. 6. 6. 5. 7. 6. 5. 7. 7.],True
15,90,24,18,[5. 6. 8. 6. 6. 6. 4. 6. 6. 5. 7. 6. 5. 7. 7.],True
15,90,25,23,[5. 6. 8. 6. 6. 6. 4. 6. 6. 5. 7. 6. 5. 7. 7.],True
15,90,26,22,[5. 6. 8. 6. 6. 6. 4. 6. 6. 5. 7. 6. 5. 7. 7.],True
15,90,27,18,[5. 6. 8. 6. 6. 6. 4. 6. 6. 5. 7. 6. 5. 7. 7.],True
15,90,28,22,[5. 6. 8. 6. 6. 6. 4. 6. 6. 5. 7. 6. 5. 7. 7.],True
15,90,29,18,[5. 6. 8. 6. 6. 6. 4. 6. 6. 5. 7. 6. 5. 7. 7.],True
15,90,30,16,[5. 6. 8. 6. 6. 6. 4. 6. 6. 5. 7. 6. 5. 7. 7.],True
15,90,31,14,[5. 6. 8. 6. 6. 6. 4. 6. 6. 5. 7. 6. 5. 7. 7.],True
15,90,32,16,[5. 6. 8. 6. 6. 6. 4. 6. 6. 5. 7. 6. 5. 7. 7.],True
15,90,33,19,[5. 6. 8. 6. 6. 6. 4. 6. 6. 5. 7. 6. 5. 7. 7.],True
15,90,34,18,[5. 6. 8. 6. 6. 6. 4. 6. 6. 5. 7. 6. 5. 7. 7.],True
15,90,35,17,[5. 6. 8. 6. 6. 6. 4. 6. 6. 5. 7. 6. 5. 7. 7.],True
15,90,36,23,[5. 6. 8. 6. 6. 6. 4. 6. 6. 5. 7. 6. 5. 7. 7.],True
15,90,37,25,[5. 6. 8. 6. 6. 6. 4. 6. 6. 5. 7. 6. 5. 7. 7.],True
15,90,38,17,[5. 6. 8. 6. 6. 6. 4. 6. 6. 5. 7. 6. 5. 7. 7.],True
15,90,39,18,[5. 6. 8. 6. 6. 6. 4. 6. 6. 5. 7. 6. 5. 7. 7.],True
15,100,0,26,[6. 7. 9. 7. 6. 7. 4. 7. 6. 6. 7. 6. 6. 8. 8.],True
15,100,1,24,[6. 7. 9. 7. 6. 7. 4. 7. 6. 6. 7. 6. 6. 8. 8.],True
15,100,2,21,[6. 7. 9. 7. 6. 7. 4. 7. 6. 6. 7. 6. 6. 8. 8.],True
15,100,3,18,[6. 7. 9. 7. 6. 7. 4. 7. 6. 6. 7. 6. 6. 8. 8.],True
15,100,4,15,[6. 7. 9. 7. 6. 7. 4. 7. 6. 6. 7. 6. 6. 8. 8.],True
15,100,5,15,[6. 7. 9. 7. 6. 7. 4. 7. 6. 6. 7. 6. 6. 8. 8.],True
15,100,6,22,[6. 7. 9. 7. 6. 7. 4. 7. 6. 6. 7. 6. 6. 8. 8.],True
15,100,7,30,[6. 7. 9. 7. 6. 7. 4. 7. 6. 6. 7. 6. 6. 8. 8.],True
15,100,8,22,[6. 7. 9. 7. 6. 7. 4. 7. 6. 6. 7. 6. 6. 8. 8.],True
15,100,9,20,[6. 7. 9. 7. 6. 7. 4. 7. 6. 6. 7. 6. 6. 8. 8.],True
15,100,10,25,[6. 7. 9. 7. 6. 7. 4. 7. 6. 6. 7. 6. 6. 8. 8.],True
15,100,11,21,[6. 7. 9. 7. 6. 7. 4. 7. 6. 6. 7. 6. 6. 8. 8.],True
15,100,12,21,[6. 7. 9. 7. 6. 7. 4. 7. 6. 6. 7. 6. 6. 8. 8.],True
15,100,13,16,[6. 7. 9. 7. 6. 7. 4. 7. 6. 6. 7. 6. 6. 8. 8.],True
15,100,14,20,[6. 7. 9. 7. 6. 7. 4. 7. 6. 6. 7. 6. 6. 8. 8.],True
15,100,15,23,[6. 7. 9. 7. 6. 7. 4. 7. 6. 6. 7. 6. 6. 8. 8.],True
15,100,16,24,[6. 7. 9. 7. 6. 7. 4. 7. 6. 6. 7. 6. 6. 8. 8.],True
15,100,17,19,[6. 7. 9. 7. 6. 7. 4. 7. 6. 6. 7. 6. 6. 8. 8.],True
15,100,18,20,[6. 7. 9. 7. 6. 7. 4. 7. 6. 6. 7. 6. 6. 8. 8.],True
15,100,19,31,[6. 7. 9. 7. 6. 7. 4. 7. 6. 6. 7. 6. 6. 8. 8.],True
15,100,20,14,[6. 7. 9. 7. 6. 7. 4. 7. 6. 6. 7. 6. 6. 8. 8.],True
15,100,21,19,[6. 7. 9. 7. 6. 7. 4. 7. 6. 6. 7. 6. 6. 8. 8.],True
15,100,22,16,[6. 7. 9. 7. 6. 7. 4. 7. 6. 6. 7. 6. 6. 8. 8.],True
15,100,23,22,[6. 7. 9. 7. 6. 7. 4. 7. 6. 6. 7. 6. 6. 8. 8.],True
15,100,24,26,[6. 7. 9. 7. 6. 7. 4. 7. 6. 6. 7. 6. 6. 8. 8.],True
15,100,25,21,[6. 7. 9. 7. 6. 7. 4. 7. 6. 6. 7. 6. 6. 8. 8.],True
15,100,26,18,[6. 7. 9. 7. 6. 7. 4. 7. 6. 6. 7. 6. 6. 8. 8.],True
15,100,27,13,[6. 7. 9. 7. 6. 7. 4. 7. 6. 6. 7. 6. 6. 8. 8.],True
15,100,28,17,[6. 7. 9. 7. 6. 7. 4. 7. 6. 6. 7. 6. 6. 8. 8.],True
15,100,29,19,[6. 7. 9. 7. 6. 7. 4. 7. 6. 6. 7. 6. 6. 8. 8.],True
15,100,30,23,[6. 7. 9. 7. 6. 7. 4. 7. 6. 6. 7. 6. 6. 8. 8.],True
15,100,31,25,[6. 7. 9. 7. 6. 7. 4. 7. 6. 6. 7. 6. 6. 8. 8.],True
15,100,32,17,[6. 7. 9. 7. 6. 7. 4. 7. 6. 6. 7. 6. 6. 8. 8.],True
15,100,33,16,[6. 7. 9. 7. 6. 7. 4. 7. 6. 6. 7. 6. 6. 8. 8.],True
15,100,34,13,[6. 7. 9. 7. 6. 7. 4. 7. 6. 6. 7. 6. 6. 8. 8.],True
15,100,35,16,[6. 7. 9. 7. 6. 7. 4. 7. 6. 6. 7. 6. 6. 8. 8.],True
15,100,36,20,[6. 7. 9. 7. 6. 7. 4. 7. 6. 6. 7. 6. 6. 8. 8.],True
15,100,37,20,[6. 7. 9. 7. 6. 7. 4. 7. 6. 6. 7. 6. 6. 8. 8.],True
15,100,38,11,[6. 7. 9. 7. 6. 7. 4. 7. 6. 6. 7. 6. 6. 8. 8.],True
15,100,39,20,[6. 7. 9. 7. 6. 7. 4. 7. 6. 6. 7. 6. 6. 8. 8.],True
20,10,0,7,[0. 1. 0. 0. 0. 1. 1. 1. 1. 0. 1. 0. 0. 1. 0. 0. 1. 0. 1. 1.],True
20,10,1,9,[0. 1. 0. 0. 0. 1. 1. 1. 1. 0. 1. 0. 0. 1. 0. 0. 1. 0. 1. 1.],True
20,10,2,7,[0. 1. 0. 0. 0. 1. 1. 1. 1. 0. 1. 0. 0. 1. 0. 0. 1. 0. 1. 1.],True
20,10,3,8,[0. 1. 0. 0. 0. 1. 1. 1. 1. 0. 1. 0. 0. 1. 0. 0. 1. 0. 1. 1.],True
20,10,4,8,[0. 1. 0. 0. 0. 1. 1. 1. 1. 0. 1. 0. 0. 1. 0. 0. 1. 0. 1. 1.],True
20,10,5,9,[0. 1. 0. 0. 0. 1. 1. 1. 1. 0. 1. 0. 0. 1. 0. 0. 1. 0. 1. 1.],True
20,10,6,8,[0. 1. 0. 0. 0. 1. 1. 1. 1. 0. 1. 0. 0. 1. 0. 0. 1. 0. 1. 1.],True
20,10,7,5,[0. 1. 0. 0. 0. 1. 1. 1. 1. 0. 1. 0. 0. 1. 0. 0. 1. 0. 1. 1.],True
20,10,8,6,[0. 1. 0. 0. 0. 1. 1. 1. 1. 0. 1. 0. 0. 1. 0. 0. 1. 0. 1. 1.],True
20,10,9,7,[0. 1. 0. 0. 0. 1. 1. 1. 1. 0. 1. 0. 0. 1. 0. 0. 1. 0. 1. 1.],True
20,10,10,9,[0. 1. 0. 0. 0. 1. 1. 1. 1. 0. 1. 0. 0. 1. 0. 0. 1. 0. 1. 1.],True
20,10,11,7,[0. 1. 0. 0. 0. 1. 1. 1. 1. 0. 1. 0. 0. 1. 0. 0. 1. 0. 1. 1.],True
20,10,12,8,[0. 1. 0. 0. 0. 1. 1. 1. 1. 0. 1. 0. 0. 1. 0. 0. 1. 0. 1. 1.],True
20,10,13,5,[0. 1. 0. 0. 0. 1. 1. 1. 1. 0. 1. 0. 0. 1. 0. 0. 1. 0. 1. 1.],True
20,10,14,11,[0. 1. 0. 0. 0. 1. 1. 1. 1. 0. 1. 0. 0. 1. 0. 0. 1. 0. 1. 1.],True
20,10,15,11,[0. 1. 0. 0. 0. 1. 1. 1. 1. 0. 1. 0. 0. 1. 0. 0. 1. 0. 1. 1.],True
20,10,16,9,[0. 1. 0. 0. 0. 1. 1. 1. 1. 0. 1. 0. 0. 1. 0. 0. 1. 0. 1. 1.],True
20,10,17,8,[0. 1. 0. 0. 0. 1. 1. 1. 1. 0. 1. 0. 0. 1. 0. 0. 1. 0. 1. 1.],True
20,10,18,6,[0. 1. 0. 0. 0. 1. 1. 1. 1. 0. 1. 0. 0. 1. 0. 0. 1. 0. 1. 1.],True
20,10,19,6,[0. 1. 0. 0. 0. 1. 1. 1. 1. 0. 1. 0. 0. 1. 0. 0. 1. 0. 1. 1.],True
20,10,20,12,[0. 1. 0. 0. 0. 1. 1. 1. 1. 0. 1. 0. 0. 1. 0. 0. 1. 0. 1. 1.],True
20,10,21,14,[0. 1. 0. 0. 0. 1. 1. 1. 1. 0. 1. 0. 0. 1. 0. 0. 1. 0. 1. 1.],True
20,10,22,6,[0. 1. 0. 0. 0. 1. 1. 1. 1. 0. 1. 0. 0. 1. 0. 0. 1. 0. 1. 1.],True
20,10,23,8,[0. 1. 0. 0. 0. 1. 1. 1. 1. 0. 1. 0. 0. 1. 0. 0. 1. 0. 1. 1.],True
20,10,24,9,[0. 1. 0. 0. 0. 1. 1. 1. 1. 0. 1. 0. 0. 1. 0. 0. 1. 0. 1. 1.],True
20,10,25,9,[0. 1. 0. 0. 0. 1. 1. 1. 1. 0. 1. 0. 0. 1. 0. 0. 1. 0. 1. 1.],True
20,10,26,9,[0. 1. 0. 0. 0. 1. 1. 1. 1. 0. 1. 0. 0. 1. 0. 0. 1. 0. 1. 1.],True
20,10,27,6,[0. 1. 0. 0. 0. 1. 1. 1. 1. 0. 1. 0. 0. 1. 0. 0. 1. 0. 1. 1.],True
20,10,28,9,[0. 1. 0. 0. 0. 1. 1. 1. 1. 0. 1. 0. 0. 1. 0. 0. 1. 0. 1. 1.],True
20,10,29,4,[0. 1. 0. 0. 0. 1. 1. 1. 1. 0. 1. 0. 0. 1. 0. 0. 1. 0. 1. 1.],True
20,10,30,8,[0. 1. 0. 0. 0. 1. 1. 1. 1. 0. 1. 0. 0. 1. 0. 0. 1. 0. 1. 1.],True
20,10,31,7,[0. 1. 0. 0. 0. 1. 1. 1. 1. 0. 1. 0. 0. 1. 0. 0. 1. 0. 1. 1.],True
20,10,32,7,[0. 1. 0. 0. 0. 1. 1. 1. 1. 0. 1. 0. 0. 1. 0. 0. 1. 0. 1. 1.],True
20,10,33,11,[0. 1. 0. 0. 0. 1. 1. 1. 1. 0. 1. 0. 0. 1. 0. 0. 1. 0. 1. 1.],True
20,10,34,6,[0. 1. 0. 0. 0. 1. 1. 1. 1. 0. 1. 0. 0. 1. 0. 0. 1. 0. 1. 1.],True
20,10,35,7,[0. 1. 0. 0. 0. 1. 1. 1. 1. 0. 1. 0. 0. 1. 0. 0. 1. 0. 1. 1.],True
20,10,36,8,[0. 1. 0. 0. 0. 1. 1. 1. 1. 0. 1. 0. 0. 1. 0. 0. 1. 0. 1. 1.],True
20,10,37,11,[0. 1. 0. 0. 0. 1. 1. 1. 1. 0. 1. 0. 0. 1. 0. 0. 1. 0. 1. 1.],True
20,10,38,6,[0. 1. 0. 0. 0. 1. 1. 1. 1. 0. 1. 0. 0. 1. 0. 0. 1. 0. 1. 1.],True
20,10,39,8,[0. 1. 0. 0. 0. 1. 1. 1. 1. 0. 1. 0. 0. 1. 0. 0. 1. 0. 1. 1.],True
20,20,0,11,[1. 2. 1. 1. 1. 1. 1. 1. 1. 1. 1. 0. 1. 1. 1. 1. 1. 1. 1. 1.],True
20,20,1,7,[1. 2. 1. 1. 1. 1. 1. 1. 1. 1. 1. 0. 1. 1. 1. 1. 1. 1. 1. 1.],True
20,20,2,12,[1. 2. 1. 1. 1. 1. 1. 1. 1. 1. 1. 0. 1. 1. 1. 1. 1. 1. 1. 1.],True
20,20,3,11,[1. 2. 1. 1. 1. 1. 1. 1. 1. 1. 1. 0. 1. 1. 1. 1. 1. 1. 1. 1.],True
20,20,4,5,[1. 2. 1. 1. 1. 1. 1. 1. 1. 1. 1. 0. 1. 1. 1. 1. 1. 1. 1. 1.],True
20,20,5,11,[1. 2. 1. 1. 1. 1. 1. 1. 1. 1. 1. 0. 1. 1. 1. 1. 1. 1. 1. 1.],True
20,20,6,9,[1. 2. 1. 1. 1. 1. 1. 1. 1. 1. 1. 0. 1. 1. 1. 1. 1. 1. 1. 1.],True
20,20,7,9,[1. 2. 1. 1. 1. 1. 1. 1. 1. 1. 1. 0. 1. 1. 1. 1. 1. 1. 1. 1.],True
20,20,8,10,[1. 2. 1. 1. 1. 1. 1. 1. 1. 1. 1. 0. 1. 1. 1. 1. 1. 1. 1. 1.],True
20,20,9,9,[1. 2. 1. 1. 1. 1. 1. 1. 1. 1. 1. 0. 1. 1. 1. 1. 1. 1. 1. 1.],True
20,20,10,9,[1. 2. 1. 1. 1. 1. 1. 1. 1. 1. 1. 0. 1. 1. 1. 1. 1. 1. 1. 1.],True
20,20,11,9,[1. 2. 1. 1. 1. 1. 1. 1. 1. 1. 1. 0. 1. 1. 1. 1. 1. 1. 1. 1.],True
20,20,12,8,[1. 2. 1. 1. 1. 1. 1. 1. 1. 1. 1. 0. 1. 1. 1. 1. 1. 1. 1. 1.],True
20,20,13,6,[1. 2. 1. 1. 1. 1. 1. 1. 1. 1. 1. 0. 1. 1. 1. 1. 1. 1. 1. 1.],True
20,20,14,9,[1. 2. 1. 1. 1. 1. 1. 1. 1. 1. 1. 0. 1. 1. 1. 1. 1. 1. 1. 1.],True
20,20,15,9,[1. 2. 1. 1. 1. 1. 1. 1. 1. 1. 1. 0. 1. 1. 1. 1. 1. 1. 1. 1.],True
20,20,16,9,[1. 2. 1. 1. 1. 1. 1. 1. 1. 1. 1. 0. 1. 1. 1. 1. 1. 1. 1. 1.],True
20,20,17,10,[1. 2. 1. 1. 1. 1. 1. 1. 1. 1. 1. 0. 1. 1. 1. 1. 1. 1. 1. 1.],True
20,20,18,9,[1. 2. 1. 1. 1. 1. 1. 1. 1. 1. 1. 0. 1. 1. 1. 1. 1. 1. 1. 1.],True
20,20,19,10,[1. 2. 1. 1. 1. 1. 1. 1. 1. 1. 1. 0. 1. 1. 1. 1. 1. 1. 1. 1.],True
20,20,20,8,[1. 2. 1. 1. 1. 1. 1. 1. 1. 1. 1. 0. 1. 1. 1. 1. 1. 1. 1. 1.],True
20,20,21,8,[1. 2. 1. 1. 1. 1. 1. 1. 1. 1. 1. 0. 1. 1. 1. 1. 1. 1. 1. 1.],True
20,20,22,8,[1. 2. 1. 1. 1. 1. 1. 1. 1. 1. 1. 0. 1. 1. 1. 1. 1. 1. 1. 1.],True
20,20,23,5,[1. 2. 1. 1. 1. 1. 1. 1. 1. 1. 1. 0. 1. 1. 1. 1. 1. 1. 1. 1.],True
20,20,24,11,[1. 2. 1. 1. 1. 1. 1. 1. 1. 1. 1. 0. 1. 1. 1. 1. 1. 1. 1. 1.],True
20,20,25,9,[1. 2. 1. 1. 1. 1. 1. 1. 1. 1. 1. 0. 1. 1. 1. 1. 1. 1. 1. 1.],True
20,20,26,9,[1. 2. 1. 1. 1. 1. 1. 1. 1. 1. 1. 0. 1. 1. 1. 1. 1. 1. 1. 1.],True
20,20,27,6,[1. 2. 1. 1. 1. 1. 1. 1. 1. 1. 1. 0. 1. 1. 1. 1. 1. 1. 1. 1.],True
20,20,28,9,[1. 2. 1. 1. 1. 1. 1. 1. 1. 1. 1. 0. 1. 1. 1. 1. 1. 1. 1. 1.],True
20,20,29,10,[1. 2. 1. 1. 1. 1. 1. 1. 1. 1. 1. 0. 1. 1. 1. 1. 1. 1. 1. 1.],True
20,20,30,7,[1. 2. 1. 1. 1. 1. 1. 1. 1. 1. 1. 0. 1. 1. 1. 1. 1. 1. 1. 1.],True
20,20,31,10,[1. 2. 1. 1. 1. 1. 1. 1. 1. 1. 1. 0. 1. 1. 1. 1. 1. 1. 1. 1.],True
20,20,32,7,[1. 2. 1. 1. 1. 1. 1. 1. 1. 1. 1. 0. 1. 1. 1. 1. 1. 1. 1. 1.],True
20,20,33,7,[1. 2. 1. 1. 1. 1. 1. 1. 1. 1. 1. 0. 1. 1. 1. 1. 1. 1. 1. 1.],True
20,20,34,11,[1. 2. 1. 1. 1. 1. 1. 1. 1. 1. 1. 0. 1. 1. 1. 1. 1. 1. 1. 1.],True
20,20,35,7,[1. 2. 1. 1. 1. 1. 1. 1. 1. 1. 1. 0. 1. 1. 1. 1. 1. 1. 1. 1.],True
20,20,36,11,[1. 2. 1. 1. 1. 1. 1. 1. 1. 1. 1. 0. 1. 1. 1. 1. 1. 1. 1. 1.],True
20,20,37,11,[1. 2. 1. 1. 1. 1. 1. 1. 1. 1. 1. 0. 1. 1. 1. 1. 1. 1. 1. 1.],True
20,20,38,7,[1. 2. 1. 1. 1. 1. 1. 1. 1. 1. 1. 0. 1. 1. 1. 1. 1. 1. 1. 1.],True
20,20,39,8,[1. 2. 1. 1. 1. 1. 1. 1. 1. 1. 1. 0. 1. 1. 1. 1. 1. 1. 1. 1.],True
20,30,0,14,[1. 2. 1. 1. 1. 1. 2. 2. 2. 1. 2. 1. 2. 2. 1. 1. 2. 1. 2. 2.],True
20,30,1,11,[1. 2. 1. 1. 1. 1. 2. 2. 2. 1. 2. 1. 2. 2. 1. 1. 2. 1. 2. 2.],True
20,30,2,14,[1. 2. 1. 1. 1. 1. 2. 2. 2. 1. 2. 1. 2. 2. 1. 1. 2. 1. 2. 2.],True
20,30,3,14,[1. 2. 1. 1. 1. 1. 2. 2. 2. 1. 2. 1. 2. 2. 1. 1. 2. 1. 2. 2.],True
20,30,4,10,[1. 2. 1. 1. 1. 1. 2. 2. 2. 1. 2. 1. 2. 2. 1. 1. 2. 1. 2. 2.],True
20,30,5,13,[1. 2. 1. 1. 1. 1. 2. 2. 2. 1. 2. 1. 2. 2. 1. 1. 2. 1. 2. 2.],True
20,30,6,16,[1. 2. 1. 1. 1. 1. 2. 2. 2. 1. 2. 1. 2. 2. 1. 1. 2. 1. 2. 2.],True
20,30,7,11,[1. 2. 1. 1. 1. 1. 2. 2. 2. 1. 2. 1. 2. 2. 1. 1. 2. 1. 2. 2.],True
20,30,8,13,[1. 2. 1. 1. 1. 1. 2. 2. 2. 1. 2. 1. 2. 2. 1. 1. 2. 1. 2. 2.],True
20,30,9,14,[1. 2. 1. 1. 1. 1. 2. 2. 2. 1. 2. 1. 2. 2. 1. 1. 2. 1. 2. 2.],True
20,30,10,13,[1. 2. 1. 1. 1. 1. 2. 2. 2. 1. 2. 1. 2. 2. 1. 1. 2. 1. 2. 2.],True
20,30,11,9,[1. 2. 1. 1. 1. 1. 2. 2. 2. 1. 2. 1. 2. 2. 1. 1. 2. 1. 2. 2.],True
20,30,12,12,[1. 2. 1. 1. 1. 1. 2. 2. 2. 1. 2. 1. 2. 2. 1. 1. 2. 1. 2. 2.],True
20,30,13,13,[1. 2. 1. 1. 1. 1. 2. 2. 2. 1. 2. 1. 2. 2. 1. 1. 2. 1. 2. 2.],True
20,30,14,10,[1. 2. 1. 1. 1. 1. 2. 2. 2. 1. 2. 1. 2. 2. 1. 1. 2. 1. 2. 2.],True
20,30,15,14,[1. 2. 1. 1. 1. 1. 2. 2. 2. 1. 2. 1. 2. 2. 1. 1. 2. 1. 2. 2.],True
20,30,16,15,[1. 2. 1. 1. 1. 1. 2. 2. 2. 1. 2. 1. 2. 2. 1. 1. 2. 1. 2. 2.],True
20,30,17,11,[1. 2. 1. 1. 1. 1. 2. 2. 2. 1. 2. 1. 2. 2. 1. 1. 2. 1. 2. 2.],True
20,30,18,12,[1. 2. 1. 1. 1. 1. 2. 2. 2. 1. 2. 1. 2. 2. 1. 1. 2. 1. 2. 2.],True
20,30,19,11,[1. 2. 1. 1. 1. 1. 2. 2. 2. 1. 2. 1. 2. 2. 1. 1. 2. 1. 2. 2.],True
20,30,20,10,[1. 2. 1. 1. 1. 1. 2. 2. 2. 1. 2. 1. 2. 2. 1. 1. 2. 1. 2. 2.],True
20,30,21,13,[1. 2. 1. 1. 1. 1. 2. 2. 2. 1. 2. 1. 2. 2. 1. 1. 2. 1. 2. 2.],True
20,30,22,12,[1. 2. 1. 1. 1. 1. 2. 2. 2. 1. 2. 1. 2. 2. 1. 1. 2. 1. 2. 2.],True
20,30,23,13,[1. 2. 1. 1. 1. 1. 2. 2. 2. 1. 2. 1. 2. 2. 1. 1. 2. 1. 2. 2.],True
20,30,24,9,[1. 2. 1. 1. 1. 1. 2. 2. 2. 1. 2. 1. 2. 2. 1. 1. 2. 1. 2. 2.],True
20,30,25,13,[1. 2. 1. 1. 1. 1. 2. 2. 2. 1. 2. 1. 2. 2. 1. 1. 2. 1. 2. 2.],True
20,30,26,15,[1. 2. 1. 1. 1. 1. 2. 2. 2. 1. 2. 1. 2. 2. 1. 1. 2. 1. 2. 2.],True
20,30,27,11,[1. 2. 1. 1. 1. 1. 2. 2. 2. 1. 2. 1. 2. 2. 1. 1. 2. 1. 2. 2.],True
20,30,28,13,[1. 2. 1. 1. 1. 1. 2. 2. 2. 1. 2. 1. 2. 2. 1. 1. 2. 1. 2. 2.],True
20,30,29,18,[1. 2. 1. 1. 1. 1. 2. 2. 2. 1. 2. 1. 2. 2. 1. 1. 2. 1. 2. 2.],True
20,30,30,15,[1. 2. 1. 1. 1. 1. 2. 2. 2. 1. 2. 1. 2. 2. 1. 1. 2. 1. 2. 2.],True
20,30,31,13,[1. 2. 1. 1. 1. 1. 2. 2. 2. 1. 2. 1. 2. 2. 1. 1. 2. 1. 2. 2.],True
20,30,32,12,[1. 2. 1. 1. 1. 1. 2. 2. 2. 1. 2. 1. 2. 2. 1. 1. 2. 1. 2. 2.],True
20,30,33,15,[1. 2. 1. 1. 1. 1. 2. 2. 2. 1. 2. 1. 2. 2. 1. 1. 2. 1. 2. 2.],True
20,30,34,13,[1. 2. 1. 1. 1. 1. 2. 2. 2. 1. 2. 1. 2. 2. 1. 1. 2. 1. 2. 2.],True
20,30,35,14,[1. 2. 1. 1. 1. 1. 2. 2. 2. 1. 2. 1. 2. 2. 1. 1. 2. 1. 2. 2.],True
20,30,36,12,[1. 2. 1. 1. 1. 1. 2. 2. 2. 1. 2. 1. 2. 2. 1. 1. 2. 1. 2. 2.],True
20,30,37,14,[1. 2. 1. 1. 1. 1. 2. 2. 2. 1. 2. 1. 2. 2. 1. 1. 2. 1. 2. 2.],True
20,30,38,9,[1. 2. 1. 1. 1. 1. 2. 2. 2. 1. 2. 1. 2. 2. 1. 1. 2. 1. 2. 2.],True
20,30,39,12,[1. 2. 1. 1. 1. 1. 2. 2. 2. 1. 2. 1. 2. 2. 1. 1. 2. 1. 2. 2.],True
20,40,0,16,[2. 3. 2. 2. 2. 2. 2. 2. 2. 1. 2. 1. 2. 2. 2. 2. 2. 2. 2. 3.],True
20,40,1,14,[2. 3. 2. 2. 2. 2. 2. 2. 2. 1. 2. 1. 2. 2. 2. 2. 2. 2. 2. 3.],True
20,40,2,12,[2. 3. 2. 2. 2. 2. 2. 2. 2. 1. 2. 1. 2. 2. 2. 2. 2. 2. 2. 3.],True
20,40,3,14,[2. 3. 2. 2. 2. 2. 2. 2. 2. 1. 2. 1. 2. 2. 2. 2. 2. 2. 2. 3.],True
20,40,4,17,[2. 3. 2. 2. 2. 2. 2. 2. 2. 1. 2. 1. 2. 2. 2. 2. 2. 2. 2. 3.],True
20,40,5,14,[2. 3. 2. 2. 2. 2. 2. 2. 2. 1. 2. 1. 2. 2. 2. 2. 2. 2. 2. 3.],True
20,40,6,12,[2. 3. 2. 2. 2. 2. 2. 2. 2. 1. 2. 1. 2. 2. 2. 2. 2. 2. 2. 3.],True
20,40,7,15,[2. 3. 2. 2. 2. 2. 2. 2. 2. 1. 2. 1. 2. 2. 2. 2. 2. 2. 2. 3.],True
20,40,8,13,[2. 3. 2. 2. 2. 2. 2. 2. 2. 1. 2. 1. 2. 2. 2. 2. 2. 2. 2. 3.],True
20,40,9,18,[2. 3. 2. 2. 2. 2. 2. 2. 2. 1. 2. 1. 2. 2. 2. 2. 2. 2. 2. 3.],True
20,40,10,17,[2. 3. 2. 2. 2. 2. 2. 2. 2. 1. 2. 1. 2. 2. 2. 2. 2. 2. 2. 3.],True
20,40,11,13,[2. 3. 2. 2. 2. 2. 2. 2. 2. 1. 2. 1. 2. 2. 2. 2. 2. 2. 2. 3.],True
20,40,12,14,[2. 3. 2. 2. 2. 2. 2. 2. 2. 1. 2. 1. 2. 2. 2. 2. 2. 2. 2. 3.],True
20,40,13,13,[2. 3. 2. 2. 2. 2. 2. 2. 2. 1. 2. 1. 2. 2. 2. 2. 2. 2. 2. 3.],True
20,40,14,15,[2. 3. 2. 2. 2. 2. 2. 2. 2. 1. 2. 1. 2. 2. 2. 2. 2. 2. 2. 3.],True
20,40,15,16,[2. 3. 2. 2. 2. 2. 2. 2. 2. 1. 2. 1. 2. 2. 2. 2. 2. 2. 2. 3.],True
20,40,16,10,[2. 3. 2. 2. 2. 2. 2. 2. 2. 1. 2. 1. 2. 2. 2. 2. 2. 2. 2. 3.],True
20,40,17,18,[2. 3. 2. 2. 2. 2. 2. 2. 2. 1. 2. 1. 2. 2. 2. 2. 2. 2. 2. 3.],True
20,40,18,17,[2. 3. 2. 2. 2. 2. 2. 2. 2. 1. 2. 1. 2. 2. 2. 2. 2. 2. 2. 3.],True
20,40,19,14,[2. 3. 2. 2. 2. 2. 2. 2. 2. 1. 2. 1. 2. 2. 2. 2. 2. 2. 2. 3.],True
20,40,20,19,[2. 3. 2. 2. 2. 2. 2. 2. 2. 1. 2. 1. 2. 2. 2. 2. 2. 2. 2. 3.],True
20,40,21,14,[2. 3. 2. 2. 2. 2. 2. 2. 2. 1. 2. 1. 2. 2. 2. 2. 2. 2. 2. 3.],True
20,40,22,17,[2. 3. 2. 2. 2. 2. 2. 2. 2. 1. 2. 1. 2. 2. 2. 2. 2. 2. 2. 3.],True
20,40,23,16,[2. 3. 2. 2. 2. 2. 2. 2. 2. 1. 2. 1. 2. 2. 2. 2. 2. 2. 2. 3.],True
20,40,24,14,[2. 3. 2. 2. 2. 2. 2. 2. 2. 1. 2. 1. 2. 2. 2. 2. 2. 2. 2. 3.],True
20,40,25,16,[2. 3. 2. 2. 2. 2. 2. 2. 2. 1. 2. 1. 2. 2. 2. 2. 2. 2. 2. 3.],True
20,40,26,17,[2. 3. 2. 2. 2. 2. 2. 2. 2. 1. 2. 1. 2. 2. 2. 2. 2. 2. 2. 3.],True
20,40,27,17,[2. 3. 2. 2. 2. 2. 2. 2. 2. 1. 2. 1. 2. 2. 2. 2. 2. 2. 2. 3.],True
20,40,28,13,[2. 3. 2. 2. 2. 2. 2. 2. 2. 1. 2. 1. 2. 2. 2. 2. 2. 2. 2. 3.],True
20,40,29,16,[2. 3. 2. 2. 2. 2. 2. 2. 2. 1. 2. 1. 2. 2. 2. 2. 2. 2. 2. 3.],True
20,40,30,19,[2. 3. 2. 2. 2. 2. 2. 2. 2. 1. 2. 1. 2. 2. 2. 2. 2. 2. 2. 3.],True
20,40,31,18,[2. 3. 2. 2. 2. 2. 2. 2. 2. 1. 2. 1. 2. 2. 2. 2. 2. 2. 2. 3.],True
20,40,32,15,[2. 3. 2. 2. 2. 2. 2. 2. 2. 1. 2. 1. 2. 2. 2. 2. 2. 2. 2. 3.],True
20,40,33,16,[2. 3. 2. 2. 2. 2. 2. 2. 2. 1. 2. 1. 2. 2. 2. 2. 2. 2. 2. 3.],True
20,40,34,13,[2. 3. 2. 2. 2. 2. 2. 2. 2. 1. 2. 1. 2. 2. 2. 2. 2. 2. 2. 3.],True
20,40,35,14,[2. 3. 2. 2. 2. 2. 2. 2. 2. 1. 2. 1. 2. 2. 2. 2. 2. 2. 2. 3.],True
20,40,36,16,[2. 3. 2. 2. 2. 2. 2. 2. 2. 1. 2. 1. 2. 2. 2. 2. 2. 2. 2. 3.],True
20,40,37,16,[2. 3. 2. 2. 2. 2. 2. 2. 2. 1. 2. 1. 2. 2. 2. 2. 2. 2. 2. 3.],True
20,40,38,15,[2. 3. 2. 2. 2. 2. 2. 2. 2. 1. 2. 1. 2. 2. 2. 2. 2. 2. 2. 3.],True
20,40,39,18,[2. 3. 2. 2. 2. 2. 2. 2. 2. 1. 2. 1. 2. 2. 2. 2. 2. 2. 2. 3.],True
20,50,0,19,[2. 4. 2. 2. 2. 2. 3. 3. 3. 2. 3. 1. 2. 3. 2. 2. 3. 2. 3. 4.],True
20,50,1,18,[2. 4. 2. 2. 2. 2. 3. 3. 3. 2. 3. 1. 2. 3. 2. 2. 3. 2. 3. 4.],True
20,50,2,20,[2. 4. 2. 2. 2. 2. 3. 3. 3. 2. 3. 1. 2. 3. 2. 2. 3. 2. 3. 4.],True
20,50,3,8,[2. 4. 2. 2. 2. 2. 3. 3. 3. 2. 3. 1. 2. 3. 2. 2. 3. 2. 3. 4.],True
20,50,4,17,[2. 4. 2. 2. 2. 2. 3. 3. 3. 2. 3. 1. 2. 3. 2. 2. 3. 2. 3. 4.],True
20,50,5,19,[2. 4. 2. 2. 2. 2. 3. 3. 3. 2. 3. 1. 2. 3. 2. 2. 3. 2. 3. 4.],True
20,50,6,18,[2. 4. 2. 2. 2. 2. 3. 3. 3. 2. 3. 1. 2. 3. 2. 2. 3. 2. 3. 4.],True
20,50,7,14,[2. 4. 2. 2. 2. 2. 3. 3. 3. 2. 3. 1. 2. 3. 2. 2. 3. 2. 3. 4.],True
20,50,8,18,[2. 4. 2. 2. 2. 2. 3. 3. 3. 2. 3. 1. 2. 3. 2. 2. 3. 2. 3. 4.],True
20,50,9,15,[2. 4. 2. 2. 2. 2. 3. 3. 3. 2. 3. 1. 2. 3. 2. 2. 3. 2. 3. 4.],True
20,50,10,12,[2. 4. 2. 2. 2. 2. 3. 3. 3. 2. 3. 1. 2. 3. 2. 2. 3. 2. 3. 4.],True
20,50,11,20,[2. 4. 2. 2. 2. 2. 3. 3. 3. 2. 3. 1. 2. 3. 2. 2. 3. 2. 3. 4.],True
20,50,12,16,[2. 4. 2. 2. 2. 2. 3. 3. 3. 2. 3. 1. 2. 3. 2. 2. 3. 2. 3. 4.],True
20,50,13,16,[2. 4. 2. 2. 2. 2. 3. 3. 3. 2. 3. 1. 2. 3. 2. 2. 3. 2. 3. 4.],True
20,50,14,20,[2. 4. 2. 2. 2. 2. 3. 3. 3. 2. 3. 1. 2. 3. 2. 2. 3. 2. 3. 4.],True
20,50,15,13,[2. 4. 2. 2. 2. 2. 3. 3. 3. 2. 3. 1. 2. 3. 2. 2. 3. 2. 3. 4.],True
20,50,16,19,[2. 4. 2. 2. 2. 2. 3. 3. 3. 2. 3. 1. 2. 3. 2. 2. 3. 2. 3. 4.],True
20,50,17,14,[2. 4. 2. 2. 2. 2. 3. 3. 3. 2. 3. 1. 2. 3. 2. 2. 3. 2. 3. 4.],True
20,50,18,18,[2. 4. 2. 2. 2. 2. 3. 3. 3. 2. 3. 1. 2. 3. 2. 2. 3. 2. 3. 4.],True
20,50,19,14,[2. 4. 2. 2. 2. 2. 3. 3. 3. 2. 3. 1. 2. 3. 2. 2. 3. 2. 3. 4.],True
20,50,20,17,[2. 4. 2. 2. 2. 2. 3. 3. 3. 2. 3. 1. 2. 3. 2. 2. 3. 2. 3. 4.],True
20,50,21,19,[2. 4. 2. 2. 2. 2. 3. 3. 3. 2. 3. 1. 2. 3. 2. 2. 3. 2. 3. 4.],True
20,50,22,16,[2. 4. 2. 2. 2. 2. 3. 3. 3. 2. 3. 1. 2. 3. 2. 2. 3. 2. 3. 4.],True
20,50,23,18,[2. 4. 2. 2. 2. 2. 3. 3. 3. 2. 3. 1. 2. 3. 2. 2. 3. 2. 3. 4.],True
20,50,24,16,[2. 4. 2. 2. 2. 2. 3. 3. 3. 2. 3. 1. 2. 3. 2. 2. 3. 2. 3. 4.],True
20,50,25,19,[2. 4. 2. 2. 2. 2. 3. 3. 3. 2. 3. 1. 2. 3. 2. 2. 3. 2. 3. 4.],True
20,50,26,19,[2. 4. 2. 2. 2. 2. 3. 3. 3. 2. 3. 1. 2. 3. 2. 2. 3. 2. 3. 4.],True
20,50,27,20,[2. 4. 2. 2. 2. 2. 3. 3. 3. 2. 3. 1. 2. 3. 2. 2. 3. 2. 3. 4.],True
20,50,28,16,[2. 4. 2. 2. 2. 2. 3. 3. 3. 2. 3. 1. 2. 3. 2. 2. 3. 2. 3. 4.],True
20,50,29,15,[2. 4. 2. 2. 2. 2. 3. 3. 3. 2. 3. 1. 2. 3. 2. 2. 3. 2. 3. 4.],True
20,50,30,17,[2. 4. 2. 2. 2. 2. 3. 3. 3. 2. 3. 1. 2. 3. 2. 2. 3. 2. 3. 4.],True
20,50,31,16,[2. 4. 2. 2. 2. 2. 3. 3. 3. 2. 3. 1. 2. 3. 2. 2. 3. 2. 3. 4.],True
20,50,32,20,[2. 4. 2. 2. 2. 2. 3. 3. 3. 2. 3. 1. 2. 3. 2. 2. 3. 2. 3. 4.],True
20,50,33,24,[2. 4. 2. 2. 2. 2. 3. 3. 3. 2. 3. 1. 2. 3. 2. 2. 3. 2. 3. 4.],True
20,50,34,16,[2. 4. 2. 2. 2. 2. 3. 3. 3. 2. 3. 1. 2. 3. 2. 2. 3. 2. 3. 4.],True
20,50,35,19,[2. 4. 2. 2. 2. 2. 3. 3. 3. 2. 3. 1. 2. 3. 2. 2. 3. 2. 3. 4.],True
20,50,36,22,[2. 4. 2. 2. 2. 2. 3. 3. 3. 2. 3. 1. 2. 3. 2. 2. 3. 2. 3. 4.],True
20,50,37,18,[2. 4. 2. 2. 2. 2. 3. 3. 3. 2. 3. 1. 2. 3. 2. 2. 3. 2. 3. 4.],True
20,50,38,14,[2. 4. 2. 2. 2. 2. 3. 3. 3. 2. 3. 1. 2. 3. 2. 2. 3. 2. 3. 4.],True
20,50,39,20,[2. 4. 2. 2. 2. 2. 3. 3. 3. 2. 3. 1. 2. 3. 2. 2. 3. 2. 3. 4.],True
20,60,0,14,[3. 5. 2. 3. 2. 3. 3. 3. 4. 2. 4. 1. 3. 3. 2. 3. 3. 3. 4. 4.],True
20,60,1,20,[3. 5. 2. 3. 2. 3. 3. 3. 4. 2. 4. 1. 3. 3. 2. 3. 3. 3. 4. 4.],True
20,60,2,18,[3. 5. 2. 3. 2. 3. 3. 3. 4. 2. 4. 1. 3. 3. 2. 3. 3. 3. 4. 4.],True
20,60,3,26,[3. 5. 2. 3. 2. 3. 3. 3. 4. 2. 4. 1. 3. 3. 2. 3. 3. 3. 4. 4.],True
20,60,4,16,[3. 5. 2. 3. 2. 3. 3. 3. 4. 2. 4. 1. 3. 3. 2. 3. 3. 3. 4. 4.],True
20,60,5,21,[3. 5. 2. 3. 2. 3. 3. 3. 4. 2. 4. 1. 3. 3. 2. 3. 3. 3. 4. 4.],True
20,60,6,21,[3. 5. 2. 3. 2. 3. 3. 3. 4. 2. 4. 1. 3. 3. 2. 3. 3. 3. 4. 4.],True
20,60,7,22,[3. 5. 2. 3. 2. 3. 3. 3. 4. 2. 4. 1. 3. 3. 2. 3. 3. 3. 4. 4.],True
20,60,8,25,[3. 5. 2. 3. 2. 3. 3. 3. 4. 2. 4. 1. 3. 3. 2. 3. 3. 3. 4. 4.],True
20,60,9,16,[3. 5. 2. 3. 2. 3. 3. 3. 4. 2. 4. 1. 3. 3. 2. 3. 3. 3. 4. 4.],True
20,60,10,23,[3. 5. 2. 3. 2. 3. 3. 3. 4. 2. 4. 1. 3. 3. 2. 3. 3. 3. 4. 4.],True
20,60,11,18,[3. 5. 2. 3. 2. 3. 3. 3. 4. 2. 4. 1. 3. 3. 2. 3. 3. 3. 4. 4.],True
20,60,12,20,[3. 5. 2. 3. 2. 3. 3. 3. 4. 2. 4. 1. 3. 3. 2. 3. 3. 3. 4. 4.],True
20,60,13,24,[3. 5. 2. 3. 2. 3. 3. 3. 4. 2. 4. 1. 3. 3. 2. 3. 3. 3. 4. 4.],True
20,60,14,25,[3. 5. 2. 3. 2. 3. 3. 3. 4. 2. 4. 1. 3. 3. 2. 3. 3. 3. 4. 4.],True
20,60,15,20,[3. 5. 2. 3. 2. 3. 3. 3. 4. 2. 4. 1. 3. 3. 2. 3. 3. 3. 4. 4.],True
20,60,16,18,[3. 5. 2. 3. 2. 3. 3. 3. 4. 2. 4. 1. 3. 3. 2. 3. 3. 3. 4. 4.],True
20,60,17,23,[3. 5. 2. 3. 2. 3. 3. 3. 4. 2. 4. 1. 3. 3. 2. 3. 3. 3. 4. 4.],True
20,60,18,14,[3. 5. 2. 3. 2. 3. 3. 3. 4. 2. 4. 1. 3. 3. 2. 3. 3. 3. 4. 4.],True
20,60,19,17,[3. 5. 2. 3. 2. 3. 3. 3. 4. 2. 4. 1. 3. 3. 2. 3. 3. 3. 4. 4.],True
20,60,20,23,[3. 5. 2. 3. 2. 3. 3. 3. 4. 2. 4. 1. 3. 3. 2. 3. 3. 3. 4. 4.],True
20,60,21,14,[3. 5. 2. 3. 2. 3. 3. 3. 4. 2. 4. 1. 3. 3. 2. 3. 3. 3. 4. 4.],True
20,60,22,17,[3. 5. 2. 3. 2. 3. 3. 3. 4. 2. 4. 1. 3. 3. 2. 3. 3. 3. 4. 4.],True
20,60,23,19,[3. 5. 2. 3. 2. 3. 3. 3. 4. 2. 4. 1. 3. 3. 2. 3. 3. 3. 4. 4.],True
20,60,24,22,[3. 5. 2. 3. 2. 3. 3. 3. 4. 2. 4. 1. 3. 3. 2. 3. 3. 3. 4. 4.],True
20,60,25,15,[3. 5. 2. 3. 2. 3. 3. 3. 4. 2. 4. 1. 3. 3. 2. 3. 3. 3. 4. 4.],True
20,60,26,14,[3. 5. 2. 3. 2. 3. 3. 3. 4. 2. 4. 1. 3. 3. 2. 3. 3. 3. 4. 4.],True
20,60,27,22,[3. 5. 2. 3. 2. 3. 3. 3. 4. 2. 4. 1. 3. 3. 2. 3. 3. 3. 4. 4.],True
20,60,28,19,[3. 5. 2. 3. 2. 3. 3. 3. 4. 2. 4. 1. 3. 3. 2. 3. 3. 3. 4. 4.],True
20,60,29,24,[3. 5. 2. 3. 2. 3. 3. 3. 4. 2. 4. 1. 3. 3. 2. 3. 3. 3. 4. 4.],True
20,60,30,23,[3. 5. 2. 3. 2. 3. 3. 3. 4. 2. 4. 1. 3. 3. 2. 3. 3. 3. 4. 4.],True
20,60,31,17,[3. 5. 2. 3. 2. 3. 3. 3. 4. 2. 4. 1. 3. 3. 2. 3. 3. 3. 4. 4.],True
20,60,32,14,[3. 5. 2. 3. 2. 3. 3. 3. 4. 2. 4. 1. 3. 3. 2. 3. 3. 3. 4. 4.],True
20,60,33,14,[3. 5. 2. 3. 2. 3. 3. 3. 4. 2. 4. 1. 3. 3. 2. 3. 3. 3. 4. 4.],True
20,60,34,17,[3. 5. 2. 3. 2. 3. 3. 3. 4. 2. 4. 1. 3. 3. 2. 3. 3. 3. 4. 4.],True
20,60,35,19,[3. 5. 2. 3. 2. 3. 3. 3. 4. 2. 4. 1. 3. 3. 2. 3. 3. 3. 4. 4.],True
20,60,36,17,[3. 5. 2. 3. 2. 3. 3. 3. 4. 2. 4. 1. 3. 3. 2. 3. 3. 3. 4. 4.],True
20,60,37,20,[3. 5. 2. 3. 2. 3. 3. 3. 4. 2. 4. 1. 3. 3. 2. 3. 3. 3. 4. 4.],True
20,60,38,19,[3. 5. 2. 3. 2. 3. 3. 3. 4. 2. 4. 1. 3. 3. 2. 3. 3. 3. 4. 4.],True
20,60,39,18,[3. 5. 2. 3. 2. 3. 3. 3. 4. 2. 4. 1. 3. 3. 2. 3. 3. 3. 4. 4.],True
20,70,0,22,[3. 5. 3. 3. 3. 3. 4. 4. 4. 2. 4. 2. 4. 4. 3. 3. 4. 3. 4. 5.],True
20,70,1,22,[3. 5. 3. 3. 3. 3. 4. 4. 4. 2. 4. 2. 4. 4. 3. 3. 4. 3. 4. 5.],True
20,70,2,22,[3. 5. 3. 3. 3. 3. 4. 4. 4. 2. 4. 2. 4. 4. 3. 3. 4. 3. 4. 5.],True
20,70,3,24,[3. 5. 3. 3. 3. 3. 4. 4. 4. 2. 4. 2. 4. 4. 3. 3. 4. 3. 4. 5.],True
20,70,4,16,[3. 5. 3. 3. 3. 3. 4. 4. 4. 2. 4. 2. 4. 4. 3. 3. 4. 3. 4. 5.],True
20,70,5,22,[3. 5. 3. 3. 3. 3. 4. 4. 4. 2. 4. 2. 4. 4. 3. 3. 4. 3. 4. 5.],True
20,70,6,23,[3. 5. 3. 3. 3. 3. 4. 4. 4. 2. 4. 2. 4. 4. 3. 3. 4. 3. 4. 5.],True
20,70,7,20,[3. 5. 3. 3. 3. 3. 4. 4. 4. 2. 4. 2. 4. 4. 3. 3. 4. 3. 4. 5.],True
20,70,8,22,[3. 5. 3. 3. 3. 3. 4. 4. 4. 2. 4. 2. 4. 4. 3. 3. 4. 3. 4. 5.],True
20,70,9,24,[3. 5. 3. 3. 3. 3. 4. 4. 4. 2. 4. 2. 4. 4. 3. 3. 4. 3. 4. 5.],True
20,70,10,20,[3. 5. 3. 3. 3. 3. 4. 4. 4. 2. 4. 2. 4. 4. 3. 3. 4. 3. 4. 5.],True
20,70,11,24,[3. 5. 3. 3. 3. 3. 4. 4. 4. 2. 4. 2. 4. 4. 3. 3. 4. 3. 4. 5.],True
20,70,12,18,[3. 5. 3. 3. 3. 3. 4. 4. 4. 2. 4. 2. 4. 4. 3. 3. 4. 3. 4. 5.],True
20,70,13,20,[3. 5. 3. 3. 3. 3. 4. 4. 4. 2. 4. 2. 4. 4. 3. 3. 4. 3. 4. 5.],True
20,70,14,21,[3. 5. 3. 3. 3. 3. 4. 4. 4. 2. 4. 2. 4. 4. 3. 3. 4. 3. 4. 5.],True
20,70,15,22,[3. 5. 3. 3. 3. 3. 4. 4. 4. 2. 4. 2. 4. 4. 3. 3. 4. 3. 4. 5.],True
20,70,16,18,[3. 5. 3. 3. 3. 3. 4. 4. 4. 2. 4. 2. 4. 4. 3. 3. 4. 3. 4. 5.],True
20,70,17,22,[3. 5. 3. 3. 3. 3. 4. 4. 4. 2. 4. 2. 4. 4. 3. 3. 4. 3. 4. 5.],True
20,70,18,23,[3. 5. 3. 3. 3. 3. 4. 4. 4. 2. 4. 2. 4. 4. 3. 3. 4. 3. 4. 5.],True
20,70,19,25,[3. 5. 3. 3. 3. 3. 4. 4. 4. 2. 4. 2. 4. 4. 3. 3. 4. 3. 4. 5.],True
20,70,20,24,[3. 5. 3. 3. 3. 3. 4. 4. 4. 2. 4. 2. 4. 4. 3. 3. 4. 3. 4. 5.],True
20,70,21,28,[3. 5. 3. 3. 3. 3. 4. 4. 4. 2. 4. 2. 4. 4. 3. 3. 4. 3. 4. 5.],True
20,70,22,17,[3. 5. 3. 3. 3. 3. 4. 4. 4. 2. 4. 2. 4. 4. 3. 3. 4. 3. 4. 5.],True
20,70,23,23,[3. 5. 3. 3. 3. 3. 4. 4. 4. 2. 4. 2. 4. 4. 3. 3. 4. 3. 4. 5.],True
20,70,24,20,[3. 5. 3. 3. 3. 3. 4. 4. 4. 2. 4. 2. 4. 4. 3. 3. 4. 3. 4. 5.],True
20,70,25,21,[3. 5. 3. 3. 3. 3. 4. 4. 4. 2. 4. 2. 4. 4. 3. 3. 4. 3. 4. 5.],True
20,70,26,22,[3. 5. 3. 3. 3. 3. 4. 4. 4. 2. 4. 2. 4. 4. 3. 3. 4. 3. 4. 5.],True
20,70,27,21,[3. 5. 3. 3. 3. 3. 4. 4. 4. 2. 4. 2. 4. 4. 3. 3. 4. 3. 4. 5.],True
20,70,28,19,[3. 5. 3. 3. 3. 3. 4. 4. 4. 2. 4. 2. 4. 4. 3. 3. 4. 3. 4. 5.],True
20,70,29,23,[3. 5. 3. 3. 3. 3. 4. 4. 4. 2. 4. 2. 4. 4. 3. 3. 4. 3. 4. 5.],True
20,70,30,21,[3. 5. 3. 3. 3. 3. 4. 4. 4. 2. 4. 2. 4. 4. 3. 3. 4. 3. 4. 5.],True
20,70,31,20,[3. 5. 3. 3. 3. 3. 4. 4. 4. 2. 4. 2. 4. 4. 3. 3. 4. 3. 4. 5.],True
20,70,32,19,[3. 5. 3. 3. 3. 3. 4. 4. 4. 2. 4. 2. 4. 4. 3. 3. 4. 3. 4. 5.],True
20,70,33,19,[3. 5. 3. 3. 3. 3. 4. 4. 4. 2. 4. 2. 4. 4. 3. 3. 4. 3. 4. 5.],True
20,70,34,18,[3. 5. 3. 3. 3. 3. 4. 4. 4. 2. 4. 2. 4. 4. 3. 3. 4. 3. 4. 5.],True
20,70,35,23,[3. 5. 3. 3. 3. 3. 4. 4. 4. 2. 4. 2. 4. 4. 3. 3. 4. 3. 4. 5.],True
20,70,36,23,[3. 5. 3. 3. 3. 3. 4. 4. 4. 2. 4. 2. 4. 4. 3. 3. 4. 3. 4. 5.],True
20,70,37,22,[3. 5. 3. 3. 3. 3. 4. 4. 4. 2. 4. 2. 4. 4. 3. 3. 4. 3. 4. 5.],True
20,70,38,15,[3. 5. 3. 3. 3. 3. 4. 4. 4. 2. 4. 2. 4. 4. 3. 3. 4. 3. 4. 5.],True
20,70,39,16,[3. 5. 3. 3. 3. 3. 4. 4. 4. 2. 4. 2. 4. 4. 3. 3. 4. 3. 4. 5.],True
20,80,0,22,[4. 6. 3. 3. 3. 4. 4. 4. 5. 3. 5. 2. 4. 4. 3. 4. 4. 4. 5. 6.],True
20,80,1,26,[4. 6. 3. 3. 3. 4. 4. 4. 5. 3. 5. 2. 4. 4. 3. 4. 4. 4. 5. 6.],True
20,80,2,24,[4. 6. 3. 3. 3. 4. 4. 4. 5. 3. 5. 2. 4. 4. 3. 4. 4. 4. 5. 6.],True
20,80,3,20,[4. 6. 3. 3. 3. 4. 4. 4. 5. 3. 5. 2. 4. 4. 3. 4. 4. 4. 5. 6.],True
20,80,4,23,[4. 6. 3. 3. 3. 4. 4. 4. 5. 3. 5. 2. 4. 4. 3. 4. 4. 4. 5. 6.],True
20,80,5,23,[4. 6. 3. 3. 3. 4. 4. 4. 5. 3. 5. 2. 4. 4. 3. 4. 4. 4. 5. 6.],True
20,80,6,21,[4. 6. 3. 3. 3. 4. 4. 4. 5. 3. 5. 2. 4. 4. 3. 4. 4. 4. 5. 6.],True
20,80,7,18,[4. 6. 3. 3. 3. 4. 4. 4. 5. 3. 5. 2. 4. 4. 3. 4. 4. 4. 5. 6.],True
20,80,8,22,[4. 6. 3. 3. 3. 4. 4. 4. 5. 3. 5. 2. 4. 4. 3. 4. 4. 4. 5. 6.],True
20,80,9,21,[4. 6. 3. 3. 3. 4. 4. 4. 5. 3. 5. 2. 4. 4. 3. 4. 4. 4. 5. 6.],True
20,80,10,19,[4. 6. 3. 3. 3. 4. 4. 4. 5. 3. 5. 2. 4. 4. 3. 4. 4. 4. 5. 6.],True
20,80,11,20,[4. 6. 3. 3. 3. 4. 4. 4. 5. 3. 5. 2. 4. 4. 3. 4. 4. 4. 5. 6.],True
20,80,12,28,[4. 6. 3. 3. 3. 4. 4. 4. 5. 3. 5. 2. 4. 4. 3. 4. 4. 4. 5. 6.],True
20,80,13,29,[4. 6. 3. 3. 3. 4. 4. 4. 5. 3. 5. 2. 4. 4. 3. 4. 4. 4. 5. 6.],True
20,80,14,21,[4. 6. 3. 3. 3. 4. 4. 4. 5. 3. 5. 2. 4. 4. 3. 4. 4. 4. 5. 6.],True
20,80,15,30,[4. 6. 3. 3. 3. 4. 4. 4. 5. 3. 5. 2. 4. 4. 3. 4. 4. 4. 5. 6.],True
20,80,16,30,[4. 6. 3. 3. 3. 4. 4. 4. 5. 3. 5. 2. 4. 4. 3. 4. 4. 4. 5. 6.],True
20,80,17,25,[4. 6. 3. 3. 3. 4. 4. 4. 5. 3. 5. 2. 4. 4. 3. 4. 4. 4. 5. 6.],True
20,80,18,19,[4. 6. 3. 3. 3. 4. 4. 4. 5. 3. 5. 2. 4. 4. 3. 4. 4. 4. 5. 6.],True
20,80,19,26,[4. 6. 3. 3. 3. 4. 4. 4. 5. 3. 5. 2. 4. 4. 3. 4. 4. 4. 5. 6.],True
20,80,20,18,[4. 6. 3. 3. 3. 4. 4. 4. 5. 3. 5. 2. 4. 4. 3. 4. 4. 4. 5. 6.],True
20,80,21,25,[4. 6. 3. 3. 3. 4. 4. 4. 5. 3. 5. 2. 4. 4. 3. 4. 4. 4. 5. 6.],True
20,80,22,20,[4. 6. 3. 3. 3. 4. 4. 4. 5. 3. 5. 2. 4. 4. 3. 4. 4. 4. 5. 6.],True
20,80,23,23,[4. 6. 3. 3. 3. 4. 4. 4. 5. 3. 5. 2. 4. 4. 3. 4. 4. 4. 5. 6.],True
20,80,24,25,[4. 6. 3. 3. 3. 4. 4. 4. 5. 3. 5. 2. 4. 4. 3. 4. 4. 4. 5. 6.],True
20,80,25,18,[4. 6. 3. 3. 3. 4. 4. 4. 5. 3. 5. 2. 4. 4. 3. 4. 4. 4. 5. 6.],True
20,80,26,22,[4. 6. 3. 3. 3. 4. 4. 4. 5. 3. 5. 2. 4. 4. 3. 4. 4. 4. 5. 6.],True
20,80,27,28,[4. 6. 3. 3. 3. 4. 4. 4. 5. 3. 5. 2. 4. 4. 3. 4. 4. 4. 5. 6.],True
20,80,28,25,[4. 6. 3. 3. 3. 4. 4. 4. 5. 3. 5. 2. 4. 4. 3. 4. 4. 4. 5. 6.],True
20,80,29,23,[4. 6. 3. 3. 3. 4. 4. 4. 5. 3. 5. 2. 4. 4. 3. 4. 4. 4. 5. 6.],True
20,80,30,24,[4. 6. 3. 3. 3. 4. 4. 4. 5. 3. 5. 2. 4. 4. 3. 4. 4. 4. 5. 6.],True
20,80,31,26,[4. 6. 3. 3. 3. 4. 4. 4. 5. 3. 5. 2. 4. 4. 3. 4. 4. 4. 5. 6.],True
20,80,32,23,[4. 6. 3. 3. 3. 4. 4. 4. 5. 3. 5. 2. 4. 4. 3. 4. 4. 4. 5. 6.],True
20,80,33,21,[4. 6. 3. 3. 3. 4. 4. 4. 5. 3. 5. 2. 4. 4. 3. 4. 4. 4. 5. 6.],True
20,80,34,26,[4. 6. 3. 3. 3. 4. 4. 4. 5. 3. 5. 2. 4. 4. 3. 4. 4. 4. 5. 6.],True
20,80,35,24,[4. 6. 3. 3. 3. 4. 4. 4. 5. 3. 5. 2. 4. 4. 3. 4. 4. 4. 5. 6.],True
20,80,36,19,[4. 6. 3. 3. 3. 4. 4. 4. 5. 3. 5. 2. 4. 4. 3. 4. 4. 4. 5. 6.],True
20,80,37,25,[4. 6. 3. 3. 3. 4. 4. 4. 5. 3. 5. 2. 4. 4. 3. 4. 4. 4. 5. 6.],True
20,80,38,28,[4. 6. 3. 3. 3. 4. 4. 4. 5. 3. 5. 2. 4. 4. 3. 4. 4. 4. 5. 6.],True
20,80,39,22,[4. 6. 3. 3. 3. 4. 4. 4. 5. 3. 5. 2. 4. 4. 3. 4. 4. 4. 5. 6.],True
20,90,0,27,[4. 7. 3. 4. 4. 5. 5. 5. 5. 3. 5. 2. 5. 5. 3. 5. 5. 4. 5. 6.],True
20,90,1,21,[4. 7. 3. 4. 4. 5. 5. 5. 5. 3. 5. 2. 5. 5. 3. 5. 5. 4. 5. 6.],True
20,90,2,22,[4. 7. 3. 4. 4. 5. 5. 5. 5. 3. 5. 2. 5. 5. 3. 5. 5. 4. 5. 6.],True
20,90,3,27,[4. 7. 3. 4. 4. 5. 5. 5. 5. 3. 5. 2. 5. 5. 3. 5. 5. 4. 5. 6.],True
20,90,4,24,[4. 7. 3. 4. 4. 5. 5. 5. 5. 3. 5. 2. 5. 5. 3. 5. 5. 4. 5. 6.],True
20,90,5,22,[4. 7. 3. 4. 4. 5. 5. 5. 5. 3. 5. 2. 5. 5. 3. 5. 5. 4. 5. 6.],True
20,90,6,23,[4. 7. 3. 4. 4. 5. 5. 5. 5. 3. 5. 2. 5. 5. 3. 5. 5. 4. 5. 6.],True
20,90,7,31,[4. 7. 3. 4. 4. 5. 5. 5. 5. 3. 5. 2. 5. 5. 3. 5. 5. 4. 5. 6.],True
20,90,8,18,[4. 7. 3. 4. 4. 5. 5. 5. 5. 3. 5. 2. 5. 5. 3. 5. 5. 4. 5. 6.],True
20,90,9,27,[4. 7. 3. 4. 4. 5. 5. 5. 5. 3. 5. 2. 5. 5. 3. 5. 5. 4. 5. 6.],True
20,90,10,26,[4. 7. 3. 4. 4. 5. 5. 5. 5. 3. 5. 2. 5. 5. 3. 5. 5. 4. 5. 6.],True
20,90,11,25,[4. 7. 3. 4. 4. 5. 5. 5. 5. 3. 5. 2. 5. 5. 3. 5. 5. 4. 5. 6.],True
20,90,12,23,[4. 7. 3. 4. 4. 5. 5. 5. 5. 3. 5. 2. 5. 5. 3. 5. 5. 4. 5. 6.],True
20,90,13,28,[4. 7. 3. 4. 4. 5. 5. 5. 5. 3. 5. 2. 5. 5. 3. 5. 5. 4. 5. 6.],True
20,90,14,25,[4. 7. 3. 4. 4. 5. 5. 5. 5. 3. 5. 2. 5. 5. 3. 5. 5. 4. 5. 6.],True
20,90,15,24,[4. 7. 3. 4. 4. 5. 5. 5. 5. 3. 5. 2. 5. 5. 3. 5. 5. 4. 5. 6.],True
20,90,16,18,[4. 7. 3. 4. 4. 5. 5. 5. 5. 3. 5. 2. 5. 5. 3. 5. 5. 4. 5. 6.],True
20,90,17,31,[4. 7. 3. 4. 4. 5. 5. 5. 5. 3. 5. 2. 5. 5. 3. 5. 5. 4. 5. 6.],True
20,90,18,25,[4. 7. 3. 4. 4. 5. 5. 5. 5. 3. 5. 2. 5. 5. 3. 5. 5. 4. 5. 6.],True
20,90,19,23,[4. 7. 3. 4. 4. 5. 5. 5. 5. 3. 5. 2. 5. 5. 3. 5. 5. 4. 5. 6.],True
20,90,20,19,[4. 7. 3. 4. 4. 5. 5. 5. 5. 3. 5. 2. 5. 5. 3. 5. 5. 4. 5. 6.],True
20,90,21,20,[4. 7. 3. 4. 4. 5. 5. 5. 5. 3. 5. 2. 5. 5. 3. 5. 5. 4. 5. 6.],True
20,90,22,23,[4. 7. 3. 4. 4. 5. 5. 5. 5. 3. 5. 2. 5. 5. 3. 5. 5. 4. 5. 6.],True
20,90,23,27,[4. 7. 3. 4. 4. 5. 5. 5. 5. 3. 5. 2. 5. 5. 3. 5. 5. 4. 5. 6.],True
20,90,24,27,[4. 7. 3. 4. 4. 5. 5. 5. 5. 3. 5. 2. 5. 5. 3. 5. 5. 4. 5. 6.],True
20,90,25,29,[4. 7. 3. 4. 4. 5. 5. 5. 5. 3. 5. 2. 5. 5. 3. 5. 5. 4. 5. 6.],True
20,90,26,28,[4. 7. 3. 4. 4. 5. 5. 5. 5. 3. 5. 2. 5. 5. 3. 5. 5. 4. 5. 6.],True
20,90,27,28,[4. 7. 3. 4. 4. 5. 5. 5. 5. 3. 5. 2. 5. 5. 3. 5. 5. 4. 5. 6.],True
20,90,28,30,[4. 7. 3. 4. 4. 5. 5. 5. 5. 3. 5. 2. 5. 5. 3. 5. 5. 4. 5. 6.],True
20,90,29,30,[4. 7. 3. 4. 4. 5. 5. 5. 5. 3. 5. 2. 5. 5. 3. 5. 5. 4. 5. 6.],True
20,90,30,20,[4. 7. 3. 4. 4. 5. 5. 5. 5. 3. 5. 2. 5. 5. 3. 5. 5. 4. 5. 6.],True
20,90,31,24,[4. 7. 3. 4. 4. 5. 5. 5. 5. 3. 5. 2. 5. 5. 3. 5. 5. 4. 5. 6.],True
20,90,32,25,[4. 7. 3. 4. 4. 5. 5. 5. 5. 3. 5. 2. 5. 5. 3. 5. 5. 4. 5. 6.],True
20,90,33,25,[4. 7. 3. 4. 4. 5. 5. 5. 5. 3. 5. 2. 5. 5. 3. 5. 5. 4. 5. 6.],True
20,90,34,17,[4. 7. 3. 4. 4. 5. 5. 5. 5. 3. 5. 2. 5. 5. 3. 5. 5. 4. 5. 6.],True
20,90,35,23,[4. 7. 3. 4. 4. 5. 5. 5. 5. 3. 5. 2. 5. 5. 3. 5. 5. 4. 5. 6.],True
20,90,36,28,[4. 7. 3. 4. 4. 5. 5. 5. 5. 3. 5. 2. 5. 5. 3. 5. 5. 4. 5. 6.],True
20,90,37,23,[4. 7. 3. 4. 4. 5. 5. 5. 5. 3. 5. 2. 5. 5. 3. 5. 5. 4. 5. 6.],True
20,90,38,27,[4. 7. 3. 4. 4. 5. 5. 5. 5. 3. 5. 2. 5. 5. 3. 5. 5. 4. 5. 6.],True
20,90,39,21,[4. 7. 3. 4. 4. 5. 5. 5. 5. 3. 5. 2. 5. 5. 3. 5. 5. 4. 5. 6.],True
20,100,0,30,[5. 8. 4. 4. 4. 5. 5. 5. 6. 4. 6. 2. 5. 6. 4. 5. 5. 4. 6. 7.],True
20,100,1,34,[5. 8. 4. 4. 4. 5. 5. 5. 6. 4. 6. 2. 5. 6. 4. 5. 5. 4. 6. 7.],True
20,100,2,28,[5. 8. 4. 4. 4. 5. 5. 5. 6. 4. 6. 2. 5. 6. 4. 5. 5. 4. 6. 7.],True
20,100,3,27,[5. 8. 4. 4. 4. 5. 5. 5. 6. 4. 6. 2. 5. 6. 4. 5. 5. 4. 6. 7.],True
20,100,4,25,[5. 8. 4. 4. 4. 5. 5. 5. 6. 4. 6. 2. 5. 6. 4. 5. 5. 4. 6. 7.],True
20,100,5,23,[5. 8. 4. 4. 4. 5. 5. 5. 6. 4. 6. 2. 5. 6. 4. 5. 5. 4. 6. 7.],True
20,100,6,21,[5. 8. 4. 4. 4. 5. 5. 5. 6. 4. 6. 2. 5. 6. 4. 5. 5. 4. 6. 7.],True
20,100,7,24,[5. 8. 4. 4. 4. 5. 5. 5. 6. 4. 6. 2. 5. 6. 4. 5. 5. 4. 6. 7.],True
20,100,8,24,[5. 8. 4. 4. 4. 5. 5. 5. 6. 4. 6. 2. 5. 6. 4. 5. 5. 4. 6. 7.],True
20,100,9,37,[5. 8. 4. 4. 4. 5. 5. 5. 6. 4. 6. 2. 5. 6. 4. 5. 5. 4. 6. 7.],True
20,100,10,27,[5. 8. 4. 4. 4. 5. 5. 5. 6. 4. 6. 2. 5. 6. 4. 5. 5. 4. 6. 7.],True
20,100,11,26,[5. 8. 4. 4. 4. 5. 5. 5. 6. 4. 6. 2. 5. 6. 4. 5. 5. 4. 6. 7.],True
20,100,12,24,[5. 8. 4. 4. 4. 5. 5. 5. 6. 4. 6. 2. 5. 6. 4. 5. 5. 4. 6. 7.],True
20,100,13,26,[5. 8. 4. 4. 4. 5. 5. 5. 6. 4. 6. 2. 5. 6. 4. 5. 5. 4. 6. 7.],True
20,100,14,28,[5. 8. 4. 4. 4. 5. 5. 5. 6. 4. 6. 2. 5. 6. 4. 5. 5. 4. 6. 7.],True
20,100,15,24,[5. 8. 4. 4. 4. 5. 5. 5. 6. 4. 6. 2. 5. 6. 4. 5. 5. 4. 6. 7.],True
20,100,16,24,[5. 8. 4. 4. 4. 5. 5. 5. 6. 4. 6. 2. 5. 6. 4. 5. 5. 4. 6. 7.],True
20,100,17,20,[5. 8. 4. 4. 4. 5. 5. 5. 6. 4. 6. 2. 5. 6. 4. 5. 5. 4. 6. 7.],True
20,100,18,25,[5. 8. 4. 4. 4. 5. 5. 5. 6. 4. 6. 2. 5. 6. 4. 5. 5. 4. 6. 7.],True
20,100,19,28,[5. 8. 4. 4. 4. 5. 5. 5. 6. 4. 6. 2. 5. 6. 4. 5. 5. 4. 6. 7.],True
20,100,20,29,[5. 8. 4. 4. 4. 5. 5. 5. 6. 4. 6. 2. 5. 6. 4. 5. 5. 4. 6. 7.],True
20,100,21,28,[5. 8. 4. 4. 4. 5. 5. 5. 6. 4. 6. 2. 5. 6. 4. 5. 5. 4. 6. 7.],True
20,100,22,26,[5. 8. 4. 4. 4. 5. 5. 5. 6. 4. 6. 2. 5. 6. 4. 5. 5. 4. 6. 7.],True
20,100,23,33,[5. 8. 4. 4. 4. 5. 5. 5. 6. 4. 6. 2. 5. 6. 4. 5. 5. 4. 6. 7.],True
20,100,24,33,[5. 8. 4. 4. 4. 5. 5. 5. 6. 4. 6. 2. 5. 6. 4. 5. 5. 4. 6. 7.],True
20,100,25,27,[5. 8. 4. 4. 4. 5. 5. 5. 6. 4. 6. 2. 5. 6. 4. 5. 5. 4. 6. 7.],True
20,100,26,22,[5. 8. 4. 4. 4. 5. 5. 5. 6. 4. 6. 2. 5. 6. 4. 5. 5. 4. 6. 7.],True
20,100,27,31,[5. 8. 4. 4. 4. 5. 5. 5. 6. 4. 6. 2. 5. 6. 4. 5. 5. 4. 6. 7.],True
20,100,28,28,[5. 8. 4. 4. 4. 5. 5. 5. 6. 4. 6. 2. 5. 6. 4. 5. 5. 4. 6. 7.],True
20,100,29,29,[5. 8. 4. 4. 4. 5. 5. 5. 6. 4. 6. 2. 5. 6. 4. 5. 5. 4. 6. 7.],True
20,100,30,24,[5. 8. 4. 4. 4. 5. 5. 5. 6. 4. 6. 2. 5. 6. 4. 5. 5. 4. 6. 7.],True
20,100,31,23,[5. 8. 4. 4. 4. 5. 5. 5. 6. 4. 6. 2. 5. 6. 4. 5. 5. 4. 6. 7.],True
20,100,32,21,[5. 8. 4. 4. 4. 5. 5. 5. 6. 4. 6. 2. 5. 6. 4. 5. 5. 4. 6. 7.],True
20,100,33,28,[5. 8. 4. 4. 4. 5. 5. 5. 6. 4. 6. 2. 5. 6. 4. 5. 5. 4. 6. 7.],True
20,100,34,24,[5. 8. 4. 4. 4. 5. 5. 5. 6. 4. 6. 2. 5. 6. 4. 5. 5. 4. 6. 7.],True
20,100,35,27,[5. 8. 4. 4. 4. 5. 5. 5. 6. 4. 6. 2. 5. 6. 4. 5. 5. 4. 6. 7.],True
20,100,36,24,[5. 8. 4. 4. 4. 5. 5. 5. 6. 4. 6. 2. 5. 6. 4. 5. 5. 4. 6. 7.],True
20,100,37,29,[5. 8. 4. 4. 4. 5. 5. 5. 6. 4. 6. 2. 5. 6. 4. 5. 5. 4. 6. 7.],True
20,100,38,16,[5. 8. 4. 4. 4. 5. 5. 5. 6. 4. 6. 2. 5. 6. 4. 5. 5. 4. 6. 7.],True
20,100,39,27,[5. 8. 4. 4. 4. 5. 5. 5. 6. 4. 6. 2. 5. 6. 4. 5. 5. 4. 6. 7.],True
